url,country_code,scope_hint,canonical_url,crawler_path,priority,notes
https://ablinger.mur.at/,,,,,0,Discovered via MusicBrainz official-homepage review v2; candidates=MBURL0011; musicbrainz_ids=57a509f3-3c76-4cd0-92ec-080fb4945a7d; entities=Peter Ablinger; entity_types=Person; calendar_status=current_events; review_confidence=high; evidence=https://ablinger.mur.at/zwischentoene.html
https://adamzukiewicz.com/,,,,,0,Discovered via MusicBrainz official-homepage review v2; candidates=MBURL0017; musicbrainz_ids=46f386e4-56bf-4e60-827b-bdcc160b1bc3; entities=Adam Żukiewicz; entity_types=Person; calendar_status=current_events; review_confidence=high; evidence=https://www.adamzukiewicz.com/schedule
https://adriansutton.com/,,,,,0,Discovered via MusicBrainz official-homepage review v2; candidates=MBURL0021; musicbrainz_ids=03fff476-91d4-44c4-a1f9-bf9531d8c7eb; entities=Adrian Sutton; entity_types=Person; calendar_status=current_events; review_confidence=high; evidence=https://www.adriansutton.com/news-and-events/
https://aftabdarvishi.com/,,,,,0,Discovered via MusicBrainz official-homepage review v2; candidates=MBURL0024; musicbrainz_ids=2844bbab-9b35-486b-963e-ba79fc478d04; entities=Aftab Darvishi; entity_types=Person; calendar_status=current_events; review_confidence=high; evidence=https://aftabdarvishi.com/news/
https://aimrec.com/enayet-hossain/,,,,,0,Discovered via MusicBrainz official-homepage review v2; candidates=MBURL0042; musicbrainz_ids=b4bec060-a748-49f4-a7ce-fc7af9acefcc; entities=Enayet Hossain; entity_types=Person; calendar_status=current_events; review_confidence=high; evidence=https://www.aimrec.com/events-2
https://aishaorazbayeva.com/,,,,,0,Discovered via MusicBrainz official-homepage review v2; candidates=MBURL0044; musicbrainz_ids=52af32d0-1a15-4666-aeb4-19e6fd79a825; entities=Aisha Orazbayeva; entity_types=Person; calendar_status=current_events; review_confidence=high; evidence=https://aishaorazbayeva.com/Calendar-1
https://albertcanosmit.com/,,,,,0,Discovered via MusicBrainz official-homepage review v2; candidates=MBURL0061; musicbrainz_ids=aa6b0618-b8de-4f67-829d-9cdf4a2cb2ff; entities=Albert Cano Smit; entity_types=Person; calendar_status=current_events; review_confidence=high; evidence=https://www.albertcanosmit.com/
https://albertogiurioli.com/,,,,,0,Discovered via MusicBrainz official-homepage review v2; candidates=MBURL0062; musicbrainz_ids=33978d76-c8e3-4c5d-a97f-1659ba414478; entities=Alberto Giurioli; entity_types=Person; calendar_status=current_events; review_confidence=high; evidence=https://www.albertogiurioli.com/past-events/
https://alexandrawhittingham.com/,,,,,0,Discovered via MusicBrainz official-homepage review v2; candidates=MBURL0075; musicbrainz_ids=e75b88fa-e990-4fe6-b79b-5712ab015f82; entities=Alexandra Whittingham; entity_types=Person; calendar_status=current_events; review_confidence=high; evidence=
https://alexpotter.info/,,,,,0,Discovered via MusicBrainz official-homepage review v2; candidates=MBURL0083; musicbrainz_ids=6dac7d0e-0918-497b-882d-d4a88322195a; entities=Alex Potter; entity_types=Person; calendar_status=current_events; review_confidence=high; evidence=https://www.alexpotter.info/#calendar
https://alice-officialwebsite.com/,,,,,0,Discovered via MusicBrainz official-homepage review v2; candidates=MBURL0089; musicbrainz_ids=e32f2cd6-8695-4914-9c24-72e02ebd09ee; entities=Alice; entity_types=Person; calendar_status=current_events; review_confidence=high; evidence=https://www.alice-officialwebsite.com/concerti.html
https://alicesaraott.com/,,,,,0,Discovered via MusicBrainz official-homepage review v2; candidates=MBURL0091; musicbrainz_ids=67fe97e3-3d7b-4b8f-ad14-b753f73e6515; entities=Alice Sara Ott; entity_types=Person; calendar_status=current_events; review_confidence=high; evidence=https://www.alicesaraott.com/calendar
https://alisaweilerstein.com/,,,,,0,Discovered via MusicBrainz official-homepage review v2; candidates=MBURL0095; musicbrainz_ids=9314b132-01bf-48df-8a07-9b065ed21957; entities=Alisa Weilerstein; entity_types=Person; calendar_status=current_events; review_confidence=high; evidence=https://alisaweilerstein.com/schedule/
https://anaisgaudemard.fr/,,,,,0,Discovered via MusicBrainz official-homepage review v2; candidates=MBURL0123; musicbrainz_ids=d1bd7703-9da8-4cee-b915-9435f8c6e009; entities=Anaïs Gaudemard; entity_types=Person; calendar_status=current_events; review_confidence=high; evidence=
https://anastasiarizikov.com/,,,,,0,Discovered via MusicBrainz official-homepage review v2; candidates=MBURL0124; musicbrainz_ids=e00397c6-147c-4519-8b81-6d277a86178f; entities=Anastasia Rizikov; entity_types=Person; calendar_status=current_events; review_confidence=high; evidence=https://www.anastasiarizikov.com/events-eng
https://andreabocelli.com/,,,,,0,Discovered via MusicBrainz official-homepage review v2; candidates=MBURL0130; musicbrainz_ids=c5a0a216-c33c-42dc-92b8-4b60236f8dad; entities=Andrea Bocelli; entity_types=Person; calendar_status=current_events; review_confidence=high; evidence=https://www.andreabocelli.com/tickets/
https://andrealam.com/,,,,,0,Discovered via MusicBrainz official-homepage review v2; candidates=MBURL0131; musicbrainz_ids=d85897dc-c6b3-4bc0-a66b-7c04b98ac87f; entities=Andrea Lam; entity_types=Person; calendar_status=current_events; review_confidence=high; evidence=https://www.andrealam.com/new-events
https://andreaswolffmusic.com/,,,,,0,Discovered via MusicBrainz official-homepage review v2; candidates=MBURL0134; musicbrainz_ids=61ab9170-cbcf-47e5-9dad-b2d16181d39e; entities=Andreas Wolff; entity_types=Person; calendar_status=current_events; review_confidence=high; evidence=https://andreaswolffmusic.com/pages/wohnzimmerkonzerttour
https://andrerieu.com/en,,,,,0,Discovered via MusicBrainz official-homepage review v2; candidates=MBURL0138; musicbrainz_ids=0eaa4a38-6bc3-46aa-91be-563f1fa86e16; entities=André Rieu; entity_types=Person; calendar_status=current_events; review_confidence=high; evidence=
https://andreudiport.com/,,,,,0,Discovered via MusicBrainz official-homepage review v2; candidates=MBURL0139; musicbrainz_ids=6d0dabbf-9cbc-4e4b-b960-227bd5912f05; entities=Andreu Diport; entity_types=Person; calendar_status=current_events; review_confidence=high; evidence=https://andreudiport.com/calendar
https://andrisnelsons.com/,,,,,0,Discovered via MusicBrainz official-homepage review v2; candidates=MBURL0151; musicbrainz_ids=14ced464-fd2f-4140-8fc6-c433bdd1c874; entities=Andris Nelsons; entity_types=Person; calendar_status=current_events; review_confidence=high; evidence=https://andrisnelsons.com/schedule/
https://angelagheorghiu.com/,,,,,0,Discovered via MusicBrainz official-homepage review v2; candidates=MBURL0156; musicbrainz_ids=875705c2-152d-4ead-bfb2-16982ab419c3; entities=Angela Gheorghiu; entity_types=Person; calendar_status=current_events; review_confidence=high; evidence=
https://angelahewitt.com/,,,,,0,Discovered via MusicBrainz official-homepage review v2; candidates=MBURL0157; musicbrainz_ids=d79b2e2c-2e60-4b60-a077-be40e9b65981; entities=Angela Hewitt; entity_types=Person; calendar_status=current_events; review_confidence=high; evidence=https://angelahewitt.com/performances/
https://anjabihlmaier.de/de/anja-bihlmaier/,,,,,0,Discovered via MusicBrainz official-homepage review v2; candidates=MBURL0162; musicbrainz_ids=e17de239-2190-484b-96fb-77b552c11ab8; entities=Anja Bihlmaier; entity_types=Person; calendar_status=current_events; review_confidence=high; evidence=
https://annafedorova.com/,,,,,0,Discovered via MusicBrainz official-homepage review v2; candidates=MBURL0163; musicbrainz_ids=2238d820-c874-4b9f-b40f-1b1e0b8c916a; entities=Anna Fedorova; entity_types=Person; calendar_status=current_events; review_confidence=high; evidence=https://www.annafedorova.com/calendar
https://annami.fi/,,,,,0,Discovered via MusicBrainz official-homepage review v2; candidates=MBURL0165; musicbrainz_ids=51114269-ef35-4adc-a339-8186ad229540; entities=Annami Hylkilä; entity_types=Person; calendar_status=current_events; review_confidence=high; evidence=http://www.annami.fi/kalenteri.html
https://annanetrebko.com/,,,,,0,Discovered via MusicBrainz official-homepage review v2; candidates=MBURL0166; musicbrainz_ids=90cba256-80b2-464f-9d58-a877a3757d3a; entities=Анна Нетребко; entity_types=Person; calendar_status=current_events; review_confidence=high; evidence=https://annanetrebko.com/schedule/
https://annaprohaska.com/,,,,,0,Discovered via MusicBrainz official-homepage review v2; candidates=MBURL0167; musicbrainz_ids=2859b5d4-e095-4465-8604-3f7c527b5de1; entities=Anna Prohaska; entity_types=Person; calendar_status=current_events; review_confidence=high; evidence=http://www.annaprohaska.com/#calendar
https://annasamuil.de/,,,,,0,Discovered via MusicBrainz official-homepage review v2; candidates=MBURL0168; musicbrainz_ids=ec1f4cbf-50af-4e6c-b8c9-2169abfe9eb2; entities=Anna Samuil; entity_types=Person; calendar_status=current_events; review_confidence=high; evidence=
https://annashelest.com/,,,,,0,Discovered via MusicBrainz official-homepage review v2; candidates=MBURL0169; musicbrainz_ids=1bf6a8f6-8485-475b-98b2-8f8e7fe2c76c; entities=Anna Shelest; entity_types=Person; calendar_status=current_events; review_confidence=high; evidence=https://www.annashelest.com/
https://annathorvalds.com/,,,,,0,Discovered via MusicBrainz official-homepage review v2; candidates=MBURL0172; musicbrainz_ids=e9b7623e-d133-4c74-b7a6-2cd025206b52; entities=Anna Sigríður Þorvaldsdóttir; entity_types=Person; calendar_status=current_events; review_confidence=high; evidence=https://www.annathorvalds.com/performances
https://annavinnitskaya.com/en/home,,,,,0,Discovered via MusicBrainz official-homepage review v2; candidates=MBURL0173; musicbrainz_ids=13e74cce-b798-4758-b676-0ef3d6273910; entities=Анна Винницкая; entity_types=Person; calendar_status=current_events; review_confidence=high; evidence=https://annavinnitskaya.com/en/concerts
https://anneakikomeyers.com/,,,,,0,Discovered via MusicBrainz official-homepage review v2; candidates=MBURL0175; musicbrainz_ids=91cffe48-b682-4e2a-ad90-b09633f4a8f7; entities=Anne Akiko Meyers; entity_types=Person; calendar_status=current_events; review_confidence=high; evidence=https://anneakikomeyers.com/tour-dates/
https://annelienvanwauwe.com/,,,,,0,Discovered via MusicBrainz official-homepage review v2; candidates=MBURL0176; musicbrainz_ids=84ea0c93-27e4-4d15-aad9-e497470a9d46; entities=Annelien Van Wauwe; entity_types=Person; calendar_status=current_events; review_confidence=high; evidence=https://annelienvanwauwe.com/tour/
https://annesofievonotter.com/,,,,,0,Discovered via MusicBrainz official-homepage review v2; candidates=MBURL0178; musicbrainz_ids=da7c775b-ea4e-4e5f-a9a4-878574ca2c75; entities=Anne Sofie von Otter; entity_types=Person; calendar_status=current_events; review_confidence=high; evidence=https://www.annesofievonotter.com/schedule/
https://anniegosfield.com/,,,,,0,Discovered via MusicBrainz official-homepage review v2; candidates=MBURL0179; musicbrainz_ids=1697dd78-614a-497e-9a10-a60f55f9eefa; entities=Annie Gosfield; entity_types=Person; calendar_status=current_events; review_confidence=high; evidence=https://www.anniegosfield.com/concerts10.html
https://anoushkashankar.com/,,,,,0,Discovered via MusicBrainz official-homepage review v2; candidates=MBURL0184; musicbrainz_ids=40ee8fa3-c6d7-4556-b4e2-9f4114565043; entities=Anoushka Shankar; entity_types=Person; calendar_status=current_events; review_confidence=high; evidence=https://www.anoushkashankar.com/tour
https://anthony-bramall.de/,,,,,0,Discovered via MusicBrainz official-homepage review v2; candidates=MBURL0185; musicbrainz_ids=a0c57d1c-8b60-4789-a01b-7a580ba74150; entities=Anthony Bramall; entity_types=Person; calendar_status=current_events; review_confidence=high; evidence=http://www.anthony-bramall.de/termine.html
https://anthonymarwood.com/,,,,,0,Discovered via MusicBrainz official-homepage review v2; candidates=MBURL0186; musicbrainz_ids=8049f157-db2e-40a9-9e9a-977535981939; entities=Anthony Marwood; entity_types=Person; calendar_status=current_events; review_confidence=high; evidence=https://www.anthonymarwood.com/concerts
https://antonyhermus.com/,,,,,0,Discovered via MusicBrainz official-homepage review v2; candidates=MBURL0191; musicbrainz_ids=c0786772-d022-40ee-a07e-8c285c94c43f; entities=Antony Hermus; entity_types=Person; calendar_status=current_events; review_confidence=high; evidence=https://www.antonyhermus.com/agenda
https://apollotrio.com/,,,,,0,Discovered via MusicBrainz official-homepage review v2; candidates=MBURL0196; musicbrainz_ids=9bf0be2e-625b-459a-9841-b31d7fed2f0e; entities=The Apollo Trio; entity_types=Group; calendar_status=current_events; review_confidence=high; evidence=http://apollotrio.com/
https://applehill.org/,,,,,0,Discovered via MusicBrainz official-homepage review v2; candidates=MBURL0197; musicbrainz_ids=c050e30e-6d56-416f-aac0-7e96804887ce; entities=The Apple Hill Chamber Players; entity_types=Group; calendar_status=current_events; review_confidence=high; evidence=https://applehill.org/concerts/concerts-apple-hill/
https://arcanisenkul.com/tr,,,,,0,Discovered via MusicBrainz official-homepage review v2; candidates=MBURL0203; musicbrainz_ids=68efea79-1b4c-456e-a3df-6a3e68727c94; entities=Arcan İsenkul; entity_types=Person; calendar_status=current_events; review_confidence=high; evidence=https://www.arcanisenkul.com/tr/calendar
https://archive.md/qLMHk,,,,,0,Discovered via MusicBrainz official-homepage review v2; candidates=MBURL0204; musicbrainz_ids=4f7b8dbb-c3ca-4cf5-a675-16a60e963133; entities=Elya; entity_types=Person; calendar_status=current_events; review_confidence=high; evidence=https://archive.md/sitemap.xml
https://arims.org.il/,,,,,0,Discovered via MusicBrainz official-homepage review v2; candidates=MBURL0209; musicbrainz_ids=7cc89d05-3db5-4d08-bea0-9c328aa56c39; entities=Arthur Rubinstein; entity_types=Person; calendar_status=current_events; review_confidence=high; evidence=https://arims.org.il/upcoming-events/
https://aristosham.com/,,,,,0,Discovered via MusicBrainz official-homepage review v2; candidates=MBURL0210; musicbrainz_ids=08debf9a-361e-4cc0-87dd-35ee2cd059b8; entities=Aristo Sham; entity_types=Person; calendar_status=current_events; review_confidence=high; evidence=
https://arrahman.com/,,,,,0,Discovered via MusicBrainz official-homepage review v2; candidates=MBURL0217; musicbrainz_ids=e0bba708-bdd3-478d-84ea-c706413bedab; entities=A. R. Rahman; entity_types=Person; calendar_status=current_events; review_confidence=high; evidence=https://www.arrahman.com/performance
https://arthurandlucasjussen.com/,,,,,0,Discovered via MusicBrainz official-homepage review v2; candidates=MBURL0222; musicbrainz_ids=349feec3-a07b-4cd0-83e8-c274e1525a87; entities=Arthur Jussen; entity_types=Person; calendar_status=current_events; review_confidence=high; evidence=https://arthurandlucasjussen.com/en/agenda
https://arthurbreur.com/,,,,,0,Discovered via MusicBrainz official-homepage review v2; candidates=MBURL0220; musicbrainz_ids=ada0e658-a4dd-4c9e-ac49-9e2e21c080c1; entities=Arthur Breur; entity_types=Person; calendar_status=current_events; review_confidence=high; evidence=https://www.arthurbreur.com/
https://askellmasson.com/,,,,,0,Discovered via MusicBrainz official-homepage review v2; candidates=MBURL0238; musicbrainz_ids=aa672ff1-9b0e-451d-8cb2-ab1ca9cc8e39; entities=Áskell Másson; entity_types=Person; calendar_status=current_events; review_confidence=high; evidence=https://www.askellmasson.com/calendar
https://avdeevapiano.com/,,,,,0,Discovered via MusicBrainz official-homepage review v2; candidates=MBURL0253; musicbrainz_ids=27f2a3ad-ec20-4907-adba-666059f0ea90; entities=Юлианна Авдеева; entity_types=Person; calendar_status=current_events; review_confidence=high; evidence=https://www.avdeevapiano.com/calendar/
https://azamali.com/,,,,,0,Discovered via MusicBrainz official-homepage review v2; candidates=MBURL0259; musicbrainz_ids=347aafad-0d39-4046-8455-21da93854943; entities=Azam Ali; entity_types=Person; calendar_status=current_events; review_confidence=high; evidence=https://www.azamali.com/tour
https://babettecraens.com/,,,,,0,Discovered via MusicBrainz official-homepage review v2; candidates=MBURL0262; musicbrainz_ids=5154baaf-cb00-4aa5-8364-11b4268a7649; entities=Babette Craens; entity_types=Person; calendar_status=current_events; review_confidence=high; evidence=https://www.babettecraens.com/agenda
https://barisdemirezer.com.tr/,,,,,0,Discovered via MusicBrainz official-homepage review v2; candidates=MBURL0279; musicbrainz_ids=41a04507-b446-4ddb-9983-7877fe5202e0; entities=Barış Demirezer; entity_types=Person; calendar_status=current_events; review_confidence=high; evidence=https://www.barisdemirezer.com.tr/concerts/
https://barrydouglas.com/,,,,,0,Discovered via MusicBrainz official-homepage review v2; candidates=MBURL0286; musicbrainz_ids=03680659-df39-4baf-91c4-df0204c6e22f; entities=Barry Douglas; entity_types=Person; calendar_status=current_events; review_confidence=high; evidence=http://barrydouglas.com/on-tour/
https://bartvanoort.nl/,,,,,0,Discovered via MusicBrainz official-homepage review v2; candidates=MBURL0288; musicbrainz_ids=cd8ccf3a-59e8-44b4-90fd-fbae8f1cc847; entities=Bart van Oort; entity_types=Person; calendar_status=current_events; review_confidence=high; evidence=http://www.bartvanoort.nl/Bart-van-Oort/en-GB/calendar/archive.aspx
https://beneathatree-baroquetofolk.com/,,,,,0,Discovered via MusicBrainz official-homepage review v2; candidates=MBURL0310; musicbrainz_ids=be38e16a-1f35-4458-8b75-8080078c4362; entities=Beneath a Tree; entity_types=Group; calendar_status=current_events; review_confidence=high; evidence=https://www.beneathatree-baroquetofolk.com/concerts
https://benjamingrosvenor.co.uk/,,,,,0,Discovered via MusicBrainz official-homepage review v2; candidates=MBURL0313; musicbrainz_ids=7f2ad202-fc55-4f68-aa7c-25cb2049100e; entities=Benjamin Grosvenor; entity_types=Person; calendar_status=current_events; review_confidence=high; evidence=https://www.benjamingrosvenor.co.uk/calendar
https://benjaminhochman.com/,,,,,0,Discovered via MusicBrainz official-homepage review v2; candidates=MBURL0314; musicbrainz_ids=16e4c1b1-90bf-474b-bffa-383a7081363c; entities=Benjamin Hochman; entity_types=Person; calendar_status=current_events; review_confidence=high; evidence=https://www.benjaminhochman.com/calendar
https://benjaminlees.com/,,,,,0,Discovered via MusicBrainz official-homepage review v2; candidates=MBURL0315; musicbrainz_ids=e6ac4620-63cc-4dea-a25e-1d0c0a8e5a96; entities=Benjamin Lees; entity_types=Person; calendar_status=current_events; review_confidence=high; evidence=
https://benjaminschmid.com/,,,,,0,Discovered via MusicBrainz official-homepage review v2; candidates=MBURL0316; musicbrainz_ids=7454057b-dbe0-43bc-800f-410204549a78; entities=Benjamin Schmid; entity_types=Person; calendar_status=current_events; review_confidence=high; evidence=https://www.benjaminschmid.com/de/calendar
https://bennacar.com/,,,,,0,Discovered via MusicBrainz official-homepage review v2; candidates=MBURL0320; musicbrainz_ids=532f67c7-14d9-4224-8aab-200708305efd; entities=Benjamin Nacar; entity_types=Person; calendar_status=current_events; review_confidence=high; evidence=https://bennacar.com/events/2026/march-itinerary/
https://bernardrands.com/,,,,,0,Discovered via MusicBrainz official-homepage review v2; candidates=MBURL0329; musicbrainz_ids=f1496364-20a8-4f77-aeba-ffe99d64c1cc; entities=Bernard Rands; entity_types=Person; calendar_status=current_events; review_confidence=high; evidence=http://www.bernardrands.com/performances.html
https://bertarojas.com/,,,,,0,Discovered via MusicBrainz official-homepage review v2; candidates=MBURL0332; musicbrainz_ids=7f41b109-4556-4c5f-b72e-39bc2e369cc4; entities=Berta Rojas; entity_types=Person; calendar_status=current_events; review_confidence=high; evidence=https://www.bertarojas.com/agenda.php
https://billyjoel.com/,,,,,0,Discovered via MusicBrainz official-homepage review v2; candidates=MBURL0338; musicbrainz_ids=64b94289-9474-4d43-8c93-918ccc1920d1; entities=Billy Joel; entity_types=Person; calendar_status=current_events; review_confidence=high; evidence=https://www.billyjoel.com/tour-history/
https://bojancicic.com/,,,,,0,Discovered via MusicBrainz official-homepage review v2; candidates=MBURL0352; musicbrainz_ids=22045da6-da49-4a80-80f5-23915b77acd0; entities=Bojan Čičić; entity_types=Person; calendar_status=current_events; review_confidence=high; evidence=https://www.bojancicic.com/
https://bomsorikim.com/,,,,,0,Discovered via MusicBrainz official-homepage review v2; candidates=MBURL0356; musicbrainz_ids=992a6c7b-2e57-49c0-a8d6-8c279ca26dfa; entities=Bomsori; entity_types=Person; calendar_status=current_events; review_confidence=high; evidence=https://www.bomsorikim.com/tour/
https://bramvansambeek.com/,,,,,0,Discovered via MusicBrainz official-homepage review v2; candidates=MBURL0373; musicbrainz_ids=4107de55-c8c3-4be7-9a55-0569411155b0; entities=Bram van Sambeek; entity_types=Person; calendar_status=current_events; review_confidence=high; evidence=http://bramvansambeek.com/category/schedule/
https://brikcius.com/,,,,,0,Discovered via MusicBrainz official-homepage review v2; candidates=MBURL0382; musicbrainz_ids=73e578f7-d8b4-412e-acd4-8d0e816f2ecd; entities=František Brikcius; entity_types=Person; calendar_status=current_events; review_confidence=high; evidence=https://www.brikcius.com/index.html#festivals
https://calliopetsoupaki.com/,,,,,0,Discovered via MusicBrainz official-homepage review v2; candidates=MBURL0401; musicbrainz_ids=2b08c092-a032-4ab0-98a5-d064cf505abd; entities=Calliope Tsoupaki; entity_types=Person; calendar_status=current_events; review_confidence=high; evidence=https://www.calliopetsoupaki.com/events/
https://cameroncarpenter.com/,,,,,0,Discovered via MusicBrainz official-homepage review v2; candidates=MBURL0405; musicbrainz_ids=9905b522-bb88-43e4-9ed0-1b6bdc732664; entities=Cameron Carpenter; entity_types=Person; calendar_status=current_events; review_confidence=high; evidence=https://www.cameroncarpenter.com/calendar
https://candidathompson.com/,,,,,0,Discovered via MusicBrainz official-homepage review v2; candidates=MBURL0411; musicbrainz_ids=b0e9d0ec-dea9-44c2-9d5e-fc410faeb04f; entities=Candida Thompson; entity_types=Person; calendar_status=current_events; review_confidence=high; evidence=
https://carducciquartet.com/,,,,,0,Discovered via MusicBrainz official-homepage review v2; candidates=MBURL0419; musicbrainz_ids=f70d0854-4347-489d-9e0b-54463aa2fd87; entities=Carducci String Quartet; entity_types=Group; calendar_status=current_events; review_confidence=high; evidence=https://carducciquartet.com/
https://carldaviscollection.com/,,,,,0,Discovered via MusicBrainz official-homepage review v2; candidates=MBURL0422; musicbrainz_ids=da1faeaa-82c8-4072-b40f-0f7f2e1efe76; entities=Carl Davis; entity_types=Person; calendar_status=current_events; review_confidence=high; evidence=https://carldaviscollection.com/concerts
https://cedric-pescia.com/fr/,,,,,0,Discovered via MusicBrainz official-homepage review v2; candidates=MBURL0440; musicbrainz_ids=a02e35c9-0147-4395-bd34-462c6b4b10f9; entities=Cédric Pescia; entity_types=Person; calendar_status=current_events; review_confidence=high; evidence=https://www.cedric-pescia.com/fr/concerts.html
https://cencic.com/,,,,,0,Discovered via MusicBrainz official-homepage review v2; candidates=MBURL0444; musicbrainz_ids=41135b96-6cd6-403b-8e4a-91f4c0b5aa4e; entities=Max Emanuel Cenčić; entity_types=Person; calendar_status=current_events; review_confidence=high; evidence=https://www.cencic.com/schedule/
https://cesar-franck.org/,,,,,0,Discovered via MusicBrainz official-homepage review v2; candidates=MBURL0447; musicbrainz_ids=69802473-e361-4e15-bbd8-53fe83cd1587; entities=César Franck; entity_types=Person; calendar_status=current_events; review_confidence=high; evidence=https://www.cesar-franck.org/?p=409
https://charleswuorinen.com/,,,,,0,Discovered via MusicBrainz official-homepage review v2; candidates=MBURL0457; musicbrainz_ids=26f2c4d0-c44e-4f16-b577-1c1bf2478479; entities=Charles Wuorinen; entity_types=Person; calendar_status=current_events; review_confidence=high; evidence=https://www.charleswuorinen.com/operas/brokeback-mountain/
https://charliesiem.com/,,,,,0,Discovered via MusicBrainz official-homepage review v2; candidates=MBURL0458; musicbrainz_ids=2c0cca1b-4a4c-4142-948d-70613cc09f2b; entities=Charlie Siem; entity_types=Person; calendar_status=current_events; review_confidence=high; evidence=https://www.charliesiem.com/#calendar
https://choir.ru/,,,,,0,Discovered via MusicBrainz official-homepage review v2; candidates=MBURL0470; musicbrainz_ids=4e5543e7-6896-4c28-8cba-fcedb85256b9; entities=Московский государственный академический камерный хор; entity_types=Choir; calendar_status=current_events; review_confidence=high; evidence=https://choir.ru/events/
https://chrisrogerson.com/,,,,,0,Discovered via MusicBrainz official-homepage review v2; candidates=MBURL0476; musicbrainz_ids=704617f4-41e2-44ac-836c-5f18395b5e75; entities=Chris Rogerson; entity_types=Person; calendar_status=current_events; review_confidence=high; evidence=https://www.chrisrogerson.com/events
https://christelveraart.com/,,,,,0,Discovered via MusicBrainz official-homepage review v2; candidates=MBURL0477; musicbrainz_ids=2f78a0d8-3baf-4611-9ae0-fb5b7a80b3f8; entities=Christel Veraart; entity_types=Person; calendar_status=current_events; review_confidence=high; evidence=https://christelveraart.com/events/
https://christian-tetzlaff.de/,,,,,0,Discovered via MusicBrainz official-homepage review v2; candidates=MBURL0479; musicbrainz_ids=914e5482-8981-4f52-8b4a-98c4da0e2819; entities=Christian Tetzlaff; entity_types=Person; calendar_status=current_events; review_confidence=high; evidence=https://christian-tetzlaff.de/konzerte-termine/
https://christinaconcours.nl/nieuws/2026/uitslag-nationale-finale,,,,,0,Discovered via MusicBrainz official-homepage review v2; candidates=MBURL0485; musicbrainz_ids=06a6c447-06d4-4393-8eaf-b67faccc9035; entities=Yulianna Beziazychna; entity_types=Person; calendar_status=current_events; review_confidence=high; evidence=https://www.christinaconcours.nl/initiatieven/lunchconcerten
https://christoph-poppen.com/,,,,,0,Discovered via MusicBrainz official-homepage review v2; candidates=MBURL0500; musicbrainz_ids=b8ff56e8-130f-4cae-9316-6ed3ce109317; entities=Christoph Poppen; entity_types=Person; calendar_status=current_events; review_confidence=high; evidence=https://christoph-poppen.com/concert-event-calendar/
https://christopherhoulihan.com/,,,,,0,Discovered via MusicBrainz official-homepage review v2; candidates=MBURL0495; musicbrainz_ids=4f492a6c-86da-4fab-9c13-c48d17938c43; entities=Christopher Houlihan; entity_types=Person; calendar_status=current_events; review_confidence=high; evidence=
https://christopherjessup.com/,,,,,0,Discovered via MusicBrainz official-homepage review v2; candidates=MBURL0496; musicbrainz_ids=e8cb65e6-772e-4c60-bf98-5ab820d14f64; entities=Christopher Jessup; entity_types=Person; calendar_status=current_events; review_confidence=high; evidence=https://www.christopherjessup.com/events
https://christophertin.com/,,,,,0,Discovered via MusicBrainz official-homepage review v2; candidates=MBURL0499; musicbrainz_ids=bc37fe19-d935-48c0-b2ab-65212e09cf6c; entities=Christopher Tin; entity_types=Person; calendar_status=current_events; review_confidence=high; evidence=https://christophertin.com/pages/events
https://christopheschenbach.com/,,,,,0,Discovered via MusicBrainz official-homepage review v2; candidates=MBURL0489; musicbrainz_ids=67307b9a-5f5c-4611-8d41-d439d343fa84; entities=Christoph Eschenbach; entity_types=Person; calendar_status=current_events; review_confidence=high; evidence=
https://chriswatson.net/,,,,,0,Discovered via MusicBrainz official-homepage review v2; candidates=MBURL0502; musicbrainz_ids=0eb601e6-6c30-4e6c-8267-9e1c70e3863b; entities=Chris Watson; entity_types=Person; calendar_status=current_events; review_confidence=high; evidence=https://chriswatson.net/category/installations/
https://ciurlionis.eu/,,,,,0,Discovered via MusicBrainz official-homepage review v2; candidates=MBURL0509; musicbrainz_ids=b1f99e23-6537-4490-aaea-5a09a3ca9ffd; entities=Mikalojus Konstantinas Čiurlionis; entity_types=Person; calendar_status=current_events; review_confidence=high; evidence=https://ciurlionis.eu/events
https://claraponty.com/,,,,,0,Discovered via MusicBrainz official-homepage review v2; candidates=MBURL0511; musicbrainz_ids=b394ac41-a1a7-42ce-acd3-a3827d43c87c; entities=Clara Ponty; entity_types=Person; calendar_status=current_events; review_confidence=high; evidence=https://www.claraponty.com/
https://claricejensen.com/,,,,,0,Discovered via MusicBrainz official-homepage review v2; candidates=MBURL0514; musicbrainz_ids=488e1ce0-8be4-4c77-b023-8097b7994409; entities=Clarice Jensen; entity_types=Person; calendar_status=current_events; review_confidence=high; evidence=https://www.claricejensen.com/events/
https://claudiapearl.mx/en.html,,,,,0,Discovered via MusicBrainz official-homepage review v2; candidates=MBURL0519; musicbrainz_ids=f3e5e384-0ac0-4e46-94c6-d231076e88bd; entities=Claudia Pearl; entity_types=Person; calendar_status=current_events; review_confidence=high; evidence=
https://claudioconstantini.com/,,,,,0,Discovered via MusicBrainz official-homepage review v2; candidates=MBURL0520; musicbrainz_ids=e59c542e-3aa7-4d3b-9322-bdc2cc0d099a; entities=Claudio Constantini; entity_types=Person; calendar_status=current_events; review_confidence=high; evidence=https://www.claudioconstantini.com/event-list
https://cliburn.org/,,,,,0,Discovered via MusicBrainz official-homepage review v2; candidates=MBURL0524; musicbrainz_ids=0a8a7571-a0cd-4626-a10a-3dd57e0e559e; entities=Van Cliburn; entity_types=Person; calendar_status=current_events; review_confidence=high; evidence=https://cliburn.org/concerts
https://coeurope.org/,,,,,0,Discovered via MusicBrainz official-homepage review v2; candidates=MBURL0529; musicbrainz_ids=3f221c60-2568-40f5-b1c3-625fed319258; entities=Chamber Orchestra of Europe; entity_types=Orchestra; calendar_status=current_events; review_confidence=high; evidence=https://coeurope.org/coe-concerts/coe-concerts-calendar/?latest=true
https://colincurrie.com/,,,,,0,Discovered via MusicBrainz official-homepage review v2; candidates=MBURL0530; musicbrainz_ids=14c0b0f7-6f3d-46e3-8c2f-945f00290aad; entities=Colin Currie; entity_types=Person; calendar_status=current_events; review_confidence=high; evidence=https://www.colincurrie.com/#calendar-section
https://colinmatthews.net/,,,,,0,Discovered via MusicBrainz official-homepage review v2; candidates=MBURL0531; musicbrainz_ids=1ebf6f25-cf08-4550-94cc-3cbf215106f0; entities=Colin Matthews; entity_types=Person; calendar_status=current_events; review_confidence=high; evidence=https://colinmatthews.net/past-performances/
https://coloradosymphony.org/,,,,,0,Discovered via MusicBrainz official-homepage review v2; candidates=MBURL0534; musicbrainz_ids=b9221984-913e-4845-8487-518f8f71b741; entities=Colorado Symphony; entity_types=Orchestra; calendar_status=current_events; review_confidence=high; evidence=
https://constanzehochwartner.com/,,,,,0,Discovered via MusicBrainz official-homepage review v2; candidates=MBURL0544; musicbrainz_ids=f91a8b91-cc2a-4f2c-a406-e0f252ee4c1c; entities=Constanze Hochwartner; entity_types=Person; calendar_status=current_events; review_confidence=high; evidence=https://www.constanzehochwartner.com/calendar
https://courtneycaston.com/,,,,,0,Discovered via MusicBrainz official-homepage review v2; candidates=MBURL0552; musicbrainz_ids=2d1cbce6-06a8-4d06-ae7d-2af0a2e61b96; entities=Courtney Caston; entity_types=Person; calendar_status=current_events; review_confidence=high; evidence=https://www.courtneycaston.com/schedule
https://creditonparishchurch.org.uk/about-2/music/choir/,,,,,0,"Discovered via MusicBrainz official-homepage review v2; candidates=MBURL0556; musicbrainz_ids=727f23ba-4f1e-4c06-a0c3-cc4604f0c0bf; entities=Choir of Holy Cross, Crediton; entity_types=Choir; calendar_status=current_events; review_confidence=high; evidence=https://www.creditonparishchurch.org.uk/services/events/"
https://daifujikura.com/,,,,,0,Discovered via MusicBrainz official-homepage review v2; candidates=MBURL0567; musicbrainz_ids=bab74a66-1334-48c0-a5d0-a61657019cb8; entities=藤倉大; entity_types=Person; calendar_status=current_events; review_confidence=high; evidence=https://www.daifujikura.com/#concerts
https://daliastasevska.com/,,,,,0,Discovered via MusicBrainz official-homepage review v2; candidates=MBURL0568; musicbrainz_ids=b8eb520f-7dcd-4c3a-aa95-d7804427deba; entities=Dalia Stasevska; entity_types=Person; calendar_status=current_events; review_confidence=high; evidence=https://www.daliastasevska.com/schedule
https://daliborkarvay.com/,,,,,0,Discovered via MusicBrainz official-homepage review v2; candidates=MBURL0569; musicbrainz_ids=a12f643e-6159-441b-9846-68cbbccddc76; entities=Dalibor Karvay; entity_types=Person; calendar_status=current_events; review_confidence=high; evidence=https://www.daliborkarvay.com/concerts
https://danazemtsov.com/,,,,,0,Discovered via MusicBrainz official-homepage review v2; candidates=MBURL0573; musicbrainz_ids=b7d24576-6104-4474-85d6-a23c743734c0; entities=Dana Zemtsov; entity_types=Person; calendar_status=current_events; review_confidence=high; evidence=
https://daniel-mueller-schott.com/,,,,,0,Discovered via MusicBrainz official-homepage review v2; candidates=MBURL0574; musicbrainz_ids=c592d375-3c23-40f2-b118-e457f7a2e10f; entities=Daniel Müller‐Schott; entity_types=Person; calendar_status=current_events; review_confidence=high; evidence=https://daniel-mueller-schott.com/concerts/
https://danielbarenboim.com/,,,,,0,Discovered via MusicBrainz official-homepage review v2; candidates=MBURL0576; musicbrainz_ids=fac566b2-7a0e-4977-ad92-533f43420975; entities=Daniel Barenboim; entity_types=Person; calendar_status=current_events; review_confidence=high; evidence=https://danielbarenboim.com/calendar/
https://danielhope.com/,,,,,0,Discovered via MusicBrainz official-homepage review v2; candidates=MBURL0585; musicbrainz_ids=b932f5eb-dd3d-479d-b2a0-694cb61327bb; entities=Daniel Hope; entity_types=Person; calendar_status=current_events; review_confidence=high; evidence=https://danielhope.com/performances/
https://dannyelfman.com/,,,,,0,Discovered via MusicBrainz official-homepage review v2; candidates=MBURL0593; musicbrainz_ids=5b24fbab-c58f-4c37-a59d-ab232e2d98c4; entities=Danny Elfman; entity_types=Person; calendar_status=current_events; review_confidence=high; evidence=https://www.dannyelfman.com/events
https://darrenwonnacott.com/,,,,,0,Discovered via MusicBrainz official-homepage review v2; candidates=MBURL0600; musicbrainz_ids=8512c340-a87a-4310-b1b5-e8bc303d68b8; entities=Darren Wonnacott; entity_types=Person; calendar_status=current_events; review_confidence=high; evidence=http://www.darrenwonnacott.com/simon-says-at-romford-film-festival-2025/
https://davebrubeck.com/,,,,,0,Discovered via MusicBrainz official-homepage review v2; candidates=MBURL0603; musicbrainz_ids=de0222a6-e1c4-403d-8b01-3f66d505061b; entities=Dave Brubeck; entity_types=Person; calendar_status=current_events; review_confidence=high; evidence=https://www.davebrubeck.com/calendar
https://davericketts.com/,,,,,0,Discovered via MusicBrainz official-homepage review v2; candidates=MBURL0604; musicbrainz_ids=ffba97f2-e713-4891-921c-c992daf2cd17; entities=Dave Ricketts; entity_types=Person; calendar_status=current_events; review_confidence=high; evidence=https://davericketts.com/gig-calendar
https://david-garrett.com/en/,,,,,0,Discovered via MusicBrainz official-homepage review v2; candidates=MBURL0607; musicbrainz_ids=88be1fb5-0112-4549-9608-526591c7f415; entities=David Garrett; entity_types=Person; calendar_status=current_events; review_confidence=high; evidence=https://www.david-garrett.com/en/
https://davidbraid.com/,,,,,0,Discovered via MusicBrainz official-homepage review v2; candidates=MBURL0611; musicbrainz_ids=50635cc8-6fc2-429b-9900-c0cf79c7285b; entities=David Braid; entity_types=Person; calendar_status=current_events; review_confidence=high; evidence=http://www.davidbraid.com/ConcertsPremiereMasterclasses.html
https://daviddeltredici.com/,,,,,0,Discovered via MusicBrainz official-homepage review v2; candidates=MBURL0613; musicbrainz_ids=18911882-7ad6-46c3-94dd-ec0a973bcac6; entities=David Del Tredici; entity_types=Person; calendar_status=current_events; review_confidence=high; evidence=https://www.daviddeltredici.com/
https://dejanlazic.com/,,,,,0,Discovered via MusicBrainz official-homepage review v2; candidates=MBURL0627; musicbrainz_ids=af0abdf0-7217-46dc-8a3b-232b22cc82de; entities=Dejan Lazić; entity_types=Person; calendar_status=current_events; review_confidence=high; evidence=
https://deniztuerkmen.com/,,,,,0,Discovered via MusicBrainz official-homepage review v2; candidates=MBURL0631; musicbrainz_ids=9188cee5-8ab9-40f0-aef7-cbd6bc60ae00; entities=Deniz Türkmen; entity_types=Person; calendar_status=current_events; review_confidence=high; evidence=https://deniztuerkmen.com/schedule
https://diana-damrau.com/en/,,,,,0,Discovered via MusicBrainz official-homepage review v2; candidates=MBURL0633; musicbrainz_ids=abb69853-a201-4fc4-b42f-25dd5b817a4d; entities=Diana Damrau; entity_types=Person; calendar_status=current_events; review_confidence=high; evidence=https://diana-damrau.com/en/photos/opera/
https://dimashnews.com/,,,,,0,Discovered via MusicBrainz official-homepage review v2; candidates=MBURL0641; musicbrainz_ids=1582904d-c174-4b36-8608-861360e9325d; entities=Dimash Qudaibergen; entity_types=Person; calendar_status=current_events; review_confidence=high; evidence=https://en.dimashnews.com/events-schedule/
https://dixiao.co.uk/,,,,,0,Discovered via MusicBrainz official-homepage review v2; candidates=MBURL0647; musicbrainz_ids=96bc2229-c0e6-4685-9bc3-0f610a04d42a; entities=Di Xiao; entity_types=Person; calendar_status=current_events; review_confidence=high; evidence=https://www.dixiao.co.uk/#concerts
https://dmitrysitkovetsky.com/,,,,,0,Discovered via MusicBrainz official-homepage review v2; candidates=MBURL0650; musicbrainz_ids=84e8f035-2532-4af3-bc9d-f3334882d875; entities=Дмитрий Ситковецкий; entity_types=Person; calendar_status=current_events; review_confidence=high; evidence=https://www.dmitrysitkovetsky.com/calendar
https://dobrawaczocher.com/,,,,,0,Discovered via MusicBrainz official-homepage review v2; candidates=MBURL0652; musicbrainz_ids=8a29169a-6412-4e60-b10b-90ec5eabdf3d; entities=Dobrawa Czocher; entity_types=Person; calendar_status=current_events; review_confidence=high; evidence=https://dobrawaczocher.com/concerts/
https://dominicmiller.com/,,,,,0,Discovered via MusicBrainz official-homepage review v2; candidates=MBURL0655; musicbrainz_ids=b65c975f-4eaa-4bd4-9d10-704a80e92548; entities=Dominic Miller; entity_types=Person; calendar_status=current_events; review_confidence=high; evidence=https://dominicmiller.com/tours/
https://domspatzen.de/,,,,,0,Discovered via MusicBrainz official-homepage review v2; candidates=MBURL0657; musicbrainz_ids=d654ba62-1301-43a5-bf4b-603adcb4ffbe; entities=Regensburger Domspatzen; entity_types=Choir; calendar_status=current_events; review_confidence=high; evidence=https://domspatzen.de/start/praevention/
https://dutchculture.nl/en/organisation/yulianna-beziazychna,,,,,0,Discovered via MusicBrainz official-homepage review v2; candidates=MBURL0681; musicbrainz_ids=06a6c447-06d4-4393-8eaf-b67faccc9035; entities=Yulianna Beziazychna; entity_types=Person; calendar_status=current_events; review_confidence=high; evidence=
https://earbox.com/,,,,,0,Discovered via MusicBrainz official-homepage review v2; candidates=MBURL0683; musicbrainz_ids=94f46f90-f220-458d-acd6-5f14c55ab9b2; entities=John Adams; entity_types=Person; calendar_status=current_events; review_confidence=high; evidence=https://www.earbox.com/performances/
https://edgarmeyer.com/,,,,,0,Discovered via MusicBrainz official-homepage review v2; candidates=MBURL0688; musicbrainz_ids=901caa09-383e-4dbc-95f2-a75ec7863b6a; entities=Edgar Meyer; entity_types=Person; calendar_status=current_events; review_confidence=high; evidence=https://edgarmeyer.com/calendar/
https://edwardgregson.com/,,,,,0,Discovered via MusicBrainz official-homepage review v2; candidates=MBURL0693; musicbrainz_ids=b4cb191a-5ea5-40d7-83aa-d6c91cf307fc; entities=Edward Gregson; entity_types=Person; calendar_status=current_events; review_confidence=high; evidence=https://edwardgregson.com/performances/
https://eleanoralberga.com/,,,,,0,Discovered via MusicBrainz official-homepage review v2; candidates=MBURL0706; musicbrainz_ids=d1620b47-6b15-4e0b-9a72-73990d525fc9; entities=Eleanor Alberga; entity_types=Person; calendar_status=current_events; review_confidence=high; evidence=https://www.eleanoralberga.com/opera
https://elliottcarter.com/,,,,,0,Discovered via MusicBrainz official-homepage review v2; candidates=MBURL0718; musicbrainz_ids=d6cad7b2-0fbe-4475-8527-8ccc9d2969bb; entities=Elliott Carter; entity_types=Person; calendar_status=current_events; review_confidence=high; evidence=https://www.elliottcarter.com/events/
https://emanuelax.com/,,,,,0,Discovered via MusicBrainz official-homepage review v2; candidates=MBURL0728; musicbrainz_ids=14aa864b-5878-40d5-b061-28c1bf995853; entities=Emanuel Ax; entity_types=Person; calendar_status=current_events; review_confidence=high; evidence=http://emanuelax.com/tour/
https://emilieautumn.com/,,,,,0,Discovered via MusicBrainz official-homepage review v2; candidates=MBURL0732; musicbrainz_ids=c8bc9ad3-1df2-4c9b-9cf7-cf6fc60441dc; entities=Emilie Autumn; entity_types=Person; calendar_status=current_events; review_confidence=high; evidence=https://www.emilieautumn.com/sitemap.xml
https://emilypogorelc.com/,,,,,0,Discovered via MusicBrainz official-homepage review v2; candidates=MBURL0737; musicbrainz_ids=19df1661-aa08-456b-bfa6-1e46ae5b20da; entities=Emily Pogorelc; entity_types=Person; calendar_status=current_events; review_confidence=high; evidence=https://www.emilypogorelc.com/schedule/
https://emma-ohalloran.com/,,,,,0,Discovered via MusicBrainz official-homepage review v2; candidates=MBURL0738; musicbrainz_ids=a319c655-0570-4850-96dd-e0bcccf8c3d8; entities=Emma O’Halloran; entity_types=Person; calendar_status=current_events; review_confidence=high; evidence=https://www.emma-ohalloran.com/opera
https://eotvospeter.com/,,,,,0,Discovered via MusicBrainz official-homepage review v2; candidates=MBURL0769; musicbrainz_ids=bc807a53-e825-4452-960e-3c87e3bc95f7; entities=Péter Eötvös; entity_types=Person; calendar_status=current_events; review_confidence=high; evidence=https://eotvospeter.com/agenda/
https://eratoalakiozidou.com/,,,,,0,Discovered via MusicBrainz official-homepage review v2; candidates=MBURL0770; musicbrainz_ids=d42cd2ec-0f0a-4939-a376-91425829b21b; entities=Erato Alakiozidou; entity_types=Person; calendar_status=current_events; review_confidence=high; evidence=https://www.eratoalakiozidou.com/previous-events.html
https://ericcutler.com/,,,,,0,Discovered via MusicBrainz official-homepage review v2; candidates=MBURL0771; musicbrainz_ids=f292c509-dd27-41e1-8881-6a3a1d747eb1; entities=Eric Cutler; entity_types=Person; calendar_status=current_events; review_confidence=high; evidence=
https://ericmrugala.com/,,,,,0,Discovered via MusicBrainz official-homepage review v2; candidates=MBURL0776; musicbrainz_ids=f20fb945-d0cc-4da6-91bc-c6085b85af7d; entities=Eric Mrugala; entity_types=Person; calendar_status=current_events; review_confidence=high; evidence=https://www.ericmrugala.com/events
https://ericwhitacre.com/,,,,,0,Discovered via MusicBrainz official-homepage review v2; candidates=MBURL0779; musicbrainz_ids=50da04cf-cc25-4313-ac1a-99e84f18cca7; entities=Eric Whitacre; entity_types=Person; calendar_status=current_events; review_confidence=high; evidence=https://ericwhitacre.com/events
https://erkkilasonpalo.com/,,,,,0,Discovered via MusicBrainz official-homepage review v2; candidates=MBURL0780; musicbrainz_ids=c88778c9-ed05-4df9-bd0c-0a240b5a07d3; entities=Erkki Lasonpalo; entity_types=Person; calendar_status=current_events; review_confidence=high; evidence=
https://erkkimelartin.fi/em/,,,,,0,Discovered via MusicBrainz official-homepage review v2; candidates=MBURL0781; musicbrainz_ids=5b3f4700-d190-4f70-8f36-9b68e76d9464; entities=Erkki Melartin; entity_types=Person; calendar_status=current_events; review_confidence=high; evidence=https://erkkimelartin.fi/em/
https://ernstbreidenbach.de/,,,,,0,Discovered via MusicBrainz official-homepage review v2; candidates=MBURL0784; musicbrainz_ids=4cf31d64-ee30-41d5-b64b-52175ef974e3; entities=Ernst Breidenbach; entity_types=Person; calendar_status=current_events; review_confidence=high; evidence=https://www.ernstbreidenbach.de/daten/konzerte.htm
https://errollynwallen.com/,,,,,0,Discovered via MusicBrainz official-homepage review v2; candidates=MBURL0785; musicbrainz_ids=a58bbac9-0167-44c3-8b15-1d48eabdb691; entities=Errollyn Wallen; entity_types=Person; calendar_status=current_events; review_confidence=high; evidence=https://www.errollynwallen.com/calendar
https://espresyon.org/pages/frandsly_mere,,,,,0,Discovered via MusicBrainz official-homepage review v2; candidates=MBURL0793; musicbrainz_ids=dabfbfcf-39c5-4b12-88f8-2ae778039da7; entities=Espresyon; entity_types=Person; calendar_status=current_events; review_confidence=high; evidence=https://www.espresyon.org/pages/frandsly_mere
https://est-symphony.com/about.html,,,,,0,Discovered via MusicBrainz official-homepage review v2; candidates=MBURL0794; musicbrainz_ids=16d041fc-8f82-423f-b4a7-7b659cacbc99; entities=e.s.t. Symphony; entity_types=Group; calendar_status=current_events; review_confidence=high; evidence=http://est-symphony.com/past-events.html
https://euco.org.uk/,,,,,0,Discovered via MusicBrainz official-homepage review v2; candidates=MBURL0800; musicbrainz_ids=04496edb-fa84-47e9-b768-b40e39224acd; entities=European Union Chamber Orchestra; entity_types=Orchestra; calendar_status=current_events; review_confidence=high; evidence=https://euco.org.uk/wp-content/uploads/2021/01/ConcertoEuropeHYPERION.jpg
https://eugendoga.com/,,,,,0,Discovered via MusicBrainz official-homepage review v2; candidates=MBURL0801; musicbrainz_ids=0e961d8e-2f3e-4401-95fd-295b9647ba59; entities=Евгений Дога; entity_types=Person; calendar_status=current_events; review_confidence=high; evidence=https://www.eugendoga.com/ro/Opera-DIALOGURILE-DRAGOSTEI
https://eveegoyan.com/,,,,,0,Discovered via MusicBrainz official-homepage review v2; candidates=MBURL0806; musicbrainz_ids=aec430f8-c8f2-4ff8-9436-9c704d652d1b; entities=Eve Egoyan; entity_types=Person; calendar_status=current_events; review_confidence=high; evidence=https://eveegoyan.com/upcoming-performances/upcoming/
https://fabriziopaterlini.com/,,,,,0,Discovered via MusicBrainz official-homepage review v2; candidates=MBURL0813; musicbrainz_ids=066160ce-d1fe-4e93-a446-2f72f15a580b; entities=Fabrizio Paterlini; entity_types=Person; calendar_status=current_events; review_confidence=high; evidence=https://fabriziopaterlini.com/2024-china-tour
https://faieviolin.com/,,,,,0,Discovered via MusicBrainz official-homepage review v2; candidates=MBURL0816; musicbrainz_ids=348eba2d-21f9-472c-915b-cea5092cd9de; entities=Gail Hernández Rosa; entity_types=Person; calendar_status=current_events; review_confidence=high; evidence=
https://fatmasaid.com/,,,,,0,Discovered via MusicBrainz official-homepage review v2; candidates=MBURL0823; musicbrainz_ids=806fafe5-e6b4-4b1c-b41f-f4776ded595c; entities=Fatma Said; entity_types=Person; calendar_status=current_events; review_confidence=high; evidence=https://www.fatmasaid.com/schedule
https://fcmc.org.au/,,,,,0,Discovered via MusicBrainz official-homepage review v2; candidates=MBURL0825; musicbrainz_ids=f5059e52-df32-4404-8dc9-5b74116e9ab2; entities=Chris Nylstoch; entity_types=Person; calendar_status=current_events; review_confidence=high; evidence=https://fcmc.org.au/events/
https://federicoalbanese.com/,,,,,0,Discovered via MusicBrainz official-homepage review v2; candidates=MBURL0828; musicbrainz_ids=ec046e44-a52d-41bc-b83a-9ec4ade74e06; entities=Federico Albanese; entity_types=Person; calendar_status=current_events; review_confidence=high; evidence=
https://fennesz.com/,,,,,0,Discovered via MusicBrainz official-homepage review v2; candidates=MBURL0835; musicbrainz_ids=a6f8d42d-d3ff-4268-8d39-ee01341733bb; entities=Fennesz; entity_types=Person; calendar_status=current_events; review_confidence=high; evidence=https://www.fennesz.com/live-events
https://fioramusic.com/,,,,,0,Discovered via MusicBrainz official-homepage review v2; candidates=MBURL0859; musicbrainz_ids=848d4a7f-8213-46c8-9936-e58b83e8a1d1; entities=Fiora; entity_types=Person; calendar_status=current_events; review_confidence=high; evidence=http://fioramusic.com/
https://florianchristl.de/,,,,,0,Discovered via MusicBrainz official-homepage review v2; candidates=MBURL0869; musicbrainz_ids=5faa961a-b425-4069-8b61-6e3ceb0ff4ef; entities=Florian Christl; entity_types=Person; calendar_status=current_events; review_confidence=high; evidence=https://florianchristl.de/pages/concerts
https://francescopiemontesi.com/,,,,,0,Discovered via MusicBrainz official-homepage review v2; candidates=MBURL0880; musicbrainz_ids=fe2395f5-6bb1-40b5-8bb0-ec2765159124; entities=Francesco Piemontesi; entity_types=Person; calendar_status=current_events; review_confidence=high; evidence=https://francescopiemontesi.com/shedule/
https://frankmartin.org/,,,,,0,Discovered via MusicBrainz official-homepage review v2; candidates=MBURL0893; musicbrainz_ids=3de0b29a-602c-49dc-ba54-81706c98f3c5; entities=Frank Martin; entity_types=Person; calendar_status=current_events; review_confidence=high; evidence=http://www.frankmartin.org/calendar/
https://fredfrith.com/,,,,,0,Discovered via MusicBrainz official-homepage review v2; candidates=MBURL0899; musicbrainz_ids=4801bad4-1b42-4c9e-84b1-bf61067ab67c; entities=Fred Frith; entity_types=Person; calendar_status=current_events; review_confidence=high; evidence=https://www.fredfrith.com/live
https://fredhersch.com/,,,,,0,Discovered via MusicBrainz official-homepage review v2; candidates=MBURL0900; musicbrainz_ids=f573100a-b05b-4286-83f0-5620adf73695; entities=Fred Hersch; entity_types=Person; calendar_status=current_events; review_confidence=high; evidence=https://fredhersch.com/tour/august-22-2026-the-pocket-fred-hersch-solo/
https://gabrielamontero.com/,,,,,0,Discovered via MusicBrainz official-homepage review v2; candidates=MBURL0915; musicbrainz_ids=1d8dc1fd-d345-4030-b62c-00046136eef4; entities=Gabriela Montero; entity_types=Person; calendar_status=current_events; review_confidence=high; evidence=https://www.gabrielamontero.com/schedule-1
https://gabrielfeltz.com/,,,,,0,Discovered via MusicBrainz official-homepage review v2; candidates=MBURL0916; musicbrainz_ids=27d4fb08-026f-40e9-b01b-0b6c502eb5d1; entities=Gabriel Feltz; entity_types=Person; calendar_status=current_events; review_confidence=high; evidence=https://www.gabrielfeltz.com/calendar
https://gabrielprokofiev.com/,,,,,0,Discovered via MusicBrainz official-homepage review v2; candidates=MBURL0918; musicbrainz_ids=5b2384ba-0c50-46ee-8e3d-7c208dd96060; entities=Gabriel Prokofiev; entity_types=Person; calendar_status=current_events; review_confidence=high; evidence=https://www.gabrielprokofiev.com/performances
https://gamazda.net/,,,,,0,Discovered via MusicBrainz official-homepage review v2; candidates=MBURL0922; musicbrainz_ids=4a41fdca-b932-4f83-8473-bcbae71f0dd6; entities=Gamazda; entity_types=Person; calendar_status=current_events; review_confidence=high; evidence=https://gamazda.net/concerts/
https://gary-hoffman.com/,,,,,0,Discovered via MusicBrainz official-homepage review v2; candidates=MBURL0926; musicbrainz_ids=76ab5a1c-8301-41f3-ab87-3c1fc7c4309b; entities=Gary Hoffman; entity_types=Person; calendar_status=current_events; review_confidence=high; evidence=http://www.gary-hoffman.com/concerts/
https://garyryan.co.uk/,,,,,0,Discovered via MusicBrainz official-homepage review v2; candidates=MBURL0929; musicbrainz_ids=d28ecac6-2f15-4fb8-9879-265861a8a26e; entities=Gary Ryan; entity_types=Person; calendar_status=current_events; review_confidence=high; evidence=https://garyryan.co.uk/events/
https://gauchojazz.com/,,,,,0,Discovered via MusicBrainz official-homepage review v2; candidates=MBURL0932; musicbrainz_ids=ffba97f2-e713-4891-921c-c992daf2cd17; entities=Dave Ricketts; entity_types=Person; calendar_status=current_events; review_confidence=high; evidence=https://gauchojazz.com/#booking-inquires
https://gavinbryars.com/,,,,,0,Discovered via MusicBrainz official-homepage review v2; candidates=MBURL0933; musicbrainz_ids=af88ef96-ba9c-441c-9291-ac4389cd1464; entities=Gavin Bryars; entity_types=Person; calendar_status=current_events; review_confidence=high; evidence=
https://gavlesymfoniorkester.se/,,,,,0,Discovered via MusicBrainz official-homepage review v2; candidates=MBURL0934; musicbrainz_ids=4e37909a-21f9-4eba-a97d-3c661f3f60bd; entities=Gävle symfoniorkester; entity_types=Orchestra; calendar_status=current_events; review_confidence=high; evidence=https://www.gavlesymfoniorkester.se/#eventslider
https://gemma-rosefield.co.uk/,,,,,0,Discovered via MusicBrainz official-homepage review v2; candidates=MBURL0936; musicbrainz_ids=b985f87a-146e-4ee8-989d-02a50883f9e1; entities=Gemma Rosefield; entity_types=Person; calendar_status=current_events; review_confidence=high; evidence=https://www.gemma-rosefield.co.uk/concerts
https://genekoshinski.com/,,,,,0,Discovered via MusicBrainz official-homepage review v2; candidates=MBURL0937; musicbrainz_ids=dacb7bd2-c9d2-4090-80f3-79c3fad9e98e; entities=Gene Koshinski; entity_types=Person; calendar_status=current_events; review_confidence=high; evidence=https://www.genekoshinski.com/schedule/past-events.html
https://geraldfinley.com/,,,,,0,Discovered via MusicBrainz official-homepage review v2; candidates=MBURL0946; musicbrainz_ids=77ad20a8-a413-4054-8c09-385794e20719; entities=Gerald Finley; entity_types=Person; calendar_status=current_events; review_confidence=high; evidence=https://www.geraldfinley.com/
https://gershwin.com/,,,,,0,Discovered via MusicBrainz official-homepage review v2; candidates=MBURL0951; musicbrainz_ids=65744963-191a-44ef-a3c7-b693a808a158; entities=George Gershwin; entity_types=Person; calendar_status=current_events; review_confidence=high; evidence=https://gershwin.com/calendar/
https://gheorghezamfir.ro/,,,,,0,Discovered via MusicBrainz official-homepage review v2; candidates=MBURL0956; musicbrainz_ids=4024e553-6dd7-426c-9ff4-323b17a01063; entities=Gheorghe Zamfir; entity_types=Person; calendar_status=current_events; review_confidence=high; evidence=https://www.gheorghezamfir.ro/festival-2024
https://gianandreanoseda.com/home_e.aspx,,,,,0,Discovered via MusicBrainz official-homepage review v2; candidates=MBURL0960; musicbrainz_ids=7bf70168-f9e0-4adc-a04f-de84b1cf1c8a; entities=Gianandrea Noseda; entity_types=Person; calendar_status=current_events; review_confidence=high; evidence=
https://giancarlo-guerrero.com/,,,,,0,Discovered via MusicBrainz official-homepage review v2; candidates=MBURL0961; musicbrainz_ids=73937421-92c6-480b-851e-179a713d7b1b; entities=Giancarlo Guerrero; entity_types=Person; calendar_status=current_events; review_confidence=high; evidence=https://www.giancarlo-guerrero.com/concerts
https://gibranalcocer.com/,,,,,0,Discovered via MusicBrainz official-homepage review v2; candidates=MBURL0962; musicbrainz_ids=ea10b166-ba8d-460a-9080-d53bc90a9c2f; entities=Gibran Alcocer; entity_types=Person; calendar_status=current_events; review_confidence=high; evidence=https://gibranalcocer.com/pages/events
https://gillianwhitehead.co.nz/,,,,,0,Discovered via MusicBrainz official-homepage review v2; candidates=MBURL0970; musicbrainz_ids=c638c6b8-3c25-4b47-a3e3-6fc5e3491a0e; entities=Gillian Whitehead; entity_types=Person; calendar_status=current_events; review_confidence=high; evidence=https://www.gillianwhitehead.co.nz/
https://gilshaham.com/,,,,,0,Discovered via MusicBrainz official-homepage review v2; candidates=MBURL0971; musicbrainz_ids=7bb53313-9859-45e6-9201-5a922e6059e5; entities=Gil Shaham; entity_types=Person; calendar_status=current_events; review_confidence=high; evidence=https://gilshaham.com/schedule/
https://gliangeligeneve.ch/pages/accueil,,,,,0,Discovered via MusicBrainz official-homepage review v2; candidates=MBURL0985; musicbrainz_ids=b13e3667-91b4-47d6-b871-0986865aa4c1; entities=Gli Angeli Genève; entity_types=Group; calendar_status=current_events; review_confidence=high; evidence=https://www.gliangeligeneve.ch/pages/agenda
https://gloriachengpiano.com/,,,,,0,Discovered via MusicBrainz official-homepage review v2; candidates=MBURL0987; musicbrainz_ids=388096db-ccce-43de-87b7-1ed72e3b5f8d; entities=Gloria Cheng; entity_types=Person; calendar_status=current_events; review_confidence=high; evidence=https://www.gloriachengpiano.com/gloria_cheng_performances.html
https://grazianodurso.it/,,,,,0,Discovered via MusicBrainz official-homepage review v2; candidates=MBURL1005; musicbrainz_ids=4ac3e29d-08d9-410b-82f0-f5cdc1989350; entities=Graziano D'Urso; entity_types=Person; calendar_status=current_events; review_confidence=high; evidence=
https://gregorygolub.com/,,,,,0,Discovered via MusicBrainz official-homepage review v2; candidates=MBURL1009; musicbrainz_ids=9dab4858-ae1e-48bf-9cc0-4f371f9f315b; entities=Gregory Golub; entity_types=Person; calendar_status=current_events; review_confidence=high; evidence=https://gregorygolub.com/
https://handonahkur.com/,,,,,0,Discovered via MusicBrainz official-homepage review v2; candidates=MBURL1032; musicbrainz_ids=0f924ab1-f34f-4cc6-bd78-632a94a45386; entities=Hando Nahkur; entity_types=Person; calendar_status=current_events; review_confidence=high; evidence=http://handonahkur.com/handos-music/performances/
https://hannulintu.com/,,,,,0,Discovered via MusicBrainz official-homepage review v2; candidates=MBURL1037; musicbrainz_ids=4c1f3d69-e159-4589-a2c6-85934cf3932d; entities=Hannu Lintu; entity_types=Person; calendar_status=current_events; review_confidence=high; evidence=https://www.hannulintu.com/calendar
https://hansaavik.com/,,,,,0,Discovered via MusicBrainz official-homepage review v2; candidates=MBURL1039; musicbrainz_ids=0ca07906-b7d7-44b8-8117-7dc7447d28bd; entities=Hans Christian Aavik; entity_types=Person; calendar_status=current_events; review_confidence=high; evidence=https://www.hansaavik.com/past-events
https://haruto-katayama-composer.jimdosite.com/,,,,,0,Discovered via MusicBrainz official-homepage review v2; candidates=MBURL1048; musicbrainz_ids=230c3952-1371-4162-9c7a-6e3cd2ed4711; entities=片山温仁; entity_types=Person; calendar_status=current_events; review_confidence=high; evidence=https://haruto-katayama-composer.jimdosite.com/
https://hebo.fi/,,,,,0,Discovered via MusicBrainz official-homepage review v2; candidates=MBURL1055; musicbrainz_ids=078e3e21-ff7a-4778-8eb0-a8a234505de4; entities=Helsingin Barokkiorkesteri; entity_types=Orchestra; calendar_status=current_events; review_confidence=high; evidence=https://www.hebo.fi/concerts/
https://heinali.info/,,,,,0,Discovered via MusicBrainz official-homepage review v2; candidates=MBURL1058; musicbrainz_ids=cafc7b39-3dd9-41da-82cf-a1d01d481ede; entities=Heinali; entity_types=Person; calendar_status=current_events; review_confidence=high; evidence=https://www.heinali.info/live
https://helenegrimaud.com/,,,,,0,Discovered via MusicBrainz official-homepage review v2; candidates=MBURL1064; musicbrainz_ids=6a7ecd70-e453-4808-a776-d5f3e4102cc3; entities=Hélène Grimaud; entity_types=Person; calendar_status=current_events; review_confidence=high; evidence=https://helenegrimaud.com/calendar/
https://helenjanelong.com/,,,,,0,Discovered via MusicBrainz official-homepage review v2; candidates=MBURL1066; musicbrainz_ids=d6149155-959d-4f57-9264-9568da90caa9; entities=Helen Jane Long; entity_types=Person; calendar_status=current_events; review_confidence=high; evidence=https://helenjanelong.com/events/category/tour-dates-2026/
https://helmutlotti.com/,,,,,0,Discovered via MusicBrainz official-homepage review v2; candidates=MBURL1068; musicbrainz_ids=ed0d833d-8a7d-4475-afa5-58ed5b49c316; entities=Helmut Lotti; entity_types=Person; calendar_status=current_events; review_confidence=high; evidence=
https://herbiehancock.com/,,,,,0,Discovered via MusicBrainz official-homepage review v2; candidates=MBURL1080; musicbrainz_ids=27613b78-1b9d-4ec3-9db5-fa0743465fdd; entities=Herbie Hancock; entity_types=Person; calendar_status=current_events; review_confidence=high; evidence=https://www.herbiehancock.com/tour/
https://hildurness.com/,,,,,0,Discovered via MusicBrainz official-homepage review v2; candidates=MBURL1088; musicbrainz_ids=8a399a51-6b93-448e-82c0-f86c83602605; entities=Hildur Guðnadóttir; entity_types=Person; calendar_status=current_events; review_confidence=high; evidence=https://www.hildurness.com/blog/2025/8/16/hildur-gunadttir-presents-where-to-from-at-volksbhne-am-rosa-luxemburg-platz-berlin
https://hillborg.com/,,,,,0,Discovered via MusicBrainz official-homepage review v2; candidates=MBURL1089; musicbrainz_ids=3f6957a7-c16c-4659-9a19-c1210efe3f80; entities=Anders Hillborg; entity_types=Person; calendar_status=current_events; review_confidence=high; evidence=
https://howardshore.com/,,,,,0,Discovered via MusicBrainz official-homepage review v2; candidates=MBURL1102; musicbrainz_ids=9b58672a-e68e-4972-956e-a8985a165a1f; entities=Howard Shore; entity_types=Person; calendar_status=current_events; review_confidence=high; evidence=https://howardshore.com/rentals/
https://ibrahimmaalouf.com/,,,,,0,Discovered via MusicBrainz official-homepage review v2; candidates=MBURL1121; musicbrainz_ids=af575726-1437-4b53-b6e6-343bc5f16817; entities=Ibrahim Maalouf; entity_types=Person; calendar_status=current_events; review_confidence=high; evidence=https://www.ibrahimmaalouf.com/accueil/concerts/
https://igorlonghi.com/,,,,,0,Discovered via MusicBrainz official-homepage review v2; candidates=MBURL1126; musicbrainz_ids=2301fb31-fc8a-404f-9096-1501f8d710f0; entities=Igor Longhi; entity_types=Person; calendar_status=current_events; review_confidence=high; evidence=https://www.igorlonghi.com/
https://indianclassical.net/a/faiyaz-khan,,,,,0,"Discovered via MusicBrainz official-homepage review v2; candidates=MBURL1146,MBURL1147; musicbrainz_ids=031f1525-913c-40a7-a6cd-712f1d78bceb,75f331df-f740-4997-9913-71c6be48594a; entities=Bhimsen Joshi | Faiyaz Khan; entity_types=Person; calendar_status=current_events; review_confidence=high; evidence=https://indianclassical.net/events"
https://ingolfwunder.com/,,,,,0,Discovered via MusicBrainz official-homepage review v2; candidates=MBURL1149; musicbrainz_ids=ee7ebe6e-b82b-48dc-a1b0-757499a034ee; entities=Ingolf Wunder; entity_types=Person; calendar_status=current_events; review_confidence=high; evidence=https://ingolfwunder.com/concerts/
https://inonbarnatan.com/,,,,,0,Discovered via MusicBrainz official-homepage review v2; candidates=MBURL1152; musicbrainz_ids=e05d7222-6d1c-4254-945e-f4cc9be9b521; entities=Inon Barnatan; entity_types=Person; calendar_status=current_events; review_confidence=high; evidence=
https://isabellevankeulen.com/,,,,,0,Discovered via MusicBrainz official-homepage review v2; candidates=MBURL1160; musicbrainz_ids=115cf22f-059c-46ad-ab58-609e0415ab51; entities=Isabelle van Keulen; entity_types=Person; calendar_status=current_events; review_confidence=high; evidence=https://www.isabellevankeulen.com/agenda
https://jakubjozeforlinski.com/,,,,,0,Discovered via MusicBrainz official-homepage review v2; candidates=MBURL1186; musicbrainz_ids=150049b4-0a48-4c19-82d5-1180dc06ff8b; entities=Jakub Józef Orliński; entity_types=Person; calendar_status=current_events; review_confidence=high; evidence=https://www.jakubjozeforlinski.com/#tour
https://james-baillieu.com/,,,,,0,Discovered via MusicBrainz official-homepage review v2; candidates=MBURL1187; musicbrainz_ids=40495c1c-db49-4028-be23-7c6de746a800; entities=James Baillieu; entity_types=Person; calendar_status=current_events; review_confidence=high; evidence=https://james-baillieu.com/#events
https://jamesconlon.com/,,,,,0,Discovered via MusicBrainz official-homepage review v2; candidates=MBURL1189; musicbrainz_ids=0a4a9585-c3c7-4231-a19a-465041b7d99f; entities=James Conlon; entity_types=Person; calendar_status=current_events; review_confidence=high; evidence=http://jamesconlon.com/schedule/
https://jamesgalway.com/,,,,,0,Discovered via MusicBrainz official-homepage review v2; candidates=MBURL1193; musicbrainz_ids=84045b93-beb0-4bc8-a855-93266ec6bbdc; entities=James Galway; entity_types=Person; calendar_status=current_events; review_confidence=high; evidence=http://www.jamesgalway.com/tour
https://jameslee3music.com/,,,,,0,Discovered via MusicBrainz official-homepage review v2; candidates=MBURL1198; musicbrainz_ids=c771a860-f75e-40b7-af3a-28f3442b13ae; entities=James Lee III; entity_types=Person; calendar_status=current_events; review_confidence=high; evidence=https://www.jameslee3music.com/calendar
https://jamesprimosch.com/,,,,,0,Discovered via MusicBrainz official-homepage review v2; candidates=MBURL1200; musicbrainz_ids=90ffd452-ca5c-46fd-899a-636bd4ac4850; entities=James Primosch; entity_types=Person; calendar_status=current_events; review_confidence=high; evidence=
https://jaschaheifetz.com/,,,,,0,Discovered via MusicBrainz official-homepage review v2; candidates=MBURL1213; musicbrainz_ids=eb7fb527-e324-441c-a0e9-63b5f899d990; entities=Jascha Heifetz; entity_types=Person; calendar_status=current_events; review_confidence=high; evidence=https://jaschaheifetz.com/
https://jasonvieaux.com/,,,,,0,Discovered via MusicBrainz official-homepage review v2; candidates=MBURL1219; musicbrainz_ids=e71c5306-dfc8-499b-b0b7-de8bacacdf00; entities=Jason Vieaux; entity_types=Person; calendar_status=current_events; review_confidence=high; evidence=https://jasonvieaux.com/tour/
https://javierperianes.com/,,,,,0,Discovered via MusicBrainz official-homepage review v2; candidates=MBURL1220; musicbrainz_ids=5381a222-0e34-4b45-b611-713c49f3989e; entities=Javier Perianes; entity_types=Person; calendar_status=current_events; review_confidence=high; evidence=https://www.javierperianes.com/en/calendar
https://jaysongillham.com/,,,,,0,Discovered via MusicBrainz official-homepage review v2; candidates=MBURL1221; musicbrainz_ids=9c26d57a-a422-488b-b705-8165dfb1c32e; entities=Jayson Gillham; entity_types=Person; calendar_status=current_events; review_confidence=high; evidence=https://www.jaysongillham.com/schedule
https://jeanmuller.com/,,,,,0,Discovered via MusicBrainz official-homepage review v2; candidates=MBURL2116; musicbrainz_ids=45ab1c99-c2fe-4a74-be00-50e981572e7f; entities=Jean Muller; entity_types=Person; calendar_status=current_events; review_confidence=high; evidence=https://www.jeanmuller.com/calendar
https://jeanyvesthibaudet.com/,,,,,0,Discovered via MusicBrainz official-homepage review v2; candidates=MBURL1235; musicbrainz_ids=519e9293-89ad-4413-af85-f00d4816bd46; entities=Jean‐Yves Thibaudet; entity_types=Person; calendar_status=current_events; review_confidence=high; evidence=https://www.jeanyvesthibaudet.com/concerts
https://jenniferhigdon.com/,,,,,0,Discovered via MusicBrainz official-homepage review v2; candidates=MBURL1238; musicbrainz_ids=d290f880-28bb-4985-b6e5-de678b0077cb; entities=Jennifer Higdon; entity_types=Person; calendar_status=current_events; review_confidence=high; evidence=http://jenniferhigdon.com/performancesresidencies.html
https://jenniferkoh.com/,,,,,0,Discovered via MusicBrainz official-homepage review v2; candidates=MBURL1239; musicbrainz_ids=b347cd47-034f-4437-8419-ca3f372ca8b4; entities=Jennifer Koh; entity_types=Person; calendar_status=current_events; review_confidence=high; evidence=
https://jeremyfilsellmusic.wordpress.com/,,,,,0,Discovered via MusicBrainz official-homepage review v2; candidates=MBURL1242; musicbrainz_ids=5180ae24-4cf0-4328-801a-62a5a98f1480; entities=Jeremy Filsell; entity_types=Person; calendar_status=current_events; review_confidence=high; evidence=
https://jesusguridi.com/,,,,,0,Discovered via MusicBrainz official-homepage review v2; candidates=MBURL1251; musicbrainz_ids=c6b60ff3-f4eb-4b7c-8c70-5cb8ac5b8baa; entities=Jesús Guridi Bidaola; entity_types=Person; calendar_status=current_events; review_confidence=high; evidence=
https://jitkahosprova.com/,,,,,0,Discovered via MusicBrainz official-homepage review v2; candidates=MBURL1257; musicbrainz_ids=154ec8dd-fa1c-4d5d-a891-cfe0c3d84b49; entities=Jitka Hosprová; entity_types=Person; calendar_status=current_events; review_confidence=high; evidence=http://jitkahosprova.com/concerts/
https://joanlabarbara.com/,,,,,0,Discovered via MusicBrainz official-homepage review v2; candidates=MBURL1260; musicbrainz_ids=2aabf4be-f80b-4846-9689-6c0cd99614b4; entities=Joan La Barbara; entity_types=Person; calendar_status=current_events; review_confidence=high; evidence=
https://joanmagrane.com/,,,,,0,Discovered via MusicBrainz official-homepage review v2; candidates=MBURL1261; musicbrainz_ids=6216be9d-4ffa-440d-bad8-09f1073f79a1; entities=Joan Magrané Figuera; entity_types=Person; calendar_status=current_events; review_confidence=high; evidence=https://joanmagrane.com/calendar/
https://jobytalbot.com/,,,,,0,Discovered via MusicBrainz official-homepage review v2; candidates=MBURL1266; musicbrainz_ids=53588060-c3bb-4c30-bb60-462e5b8aa270; entities=Joby Talbot; entity_types=Person; calendar_status=current_events; review_confidence=high; evidence=https://www.jobytalbot.com/calendar
https://joepbeving.com/,,,,,0,Discovered via MusicBrainz official-homepage review v2; candidates=MBURL1272; musicbrainz_ids=26eaac94-68f0-482c-9479-931190092457; entities=Joep Beving; entity_types=Person; calendar_status=current_events; review_confidence=high; evidence=https://www.joepbeving.com/concerts/
https://johannarose.net/,,,,,0,Discovered via MusicBrainz official-homepage review v2; candidates=MBURL1274; musicbrainz_ids=cb6b9172-ccbb-4a1d-b2b1-83ad9bcb8c48; entities=Johanna Rose; entity_types=Person; calendar_status=current_events; review_confidence=high; evidence=https://johannarose.net/calendar/
https://johnfahey.com/,,,,,0,Discovered via MusicBrainz official-homepage review v2; candidates=MBURL1284; musicbrainz_ids=95bb27d2-43c7-4a92-85ee-f95a245f0ee4; entities=John Fahey; entity_types=Person; calendar_status=current_events; review_confidence=high; evidence=https://www.johnfahey.com/sligoriver.html
https://johnlutheradams.net/,,,,,0,Discovered via MusicBrainz official-homepage review v2; candidates=MBURL1289; musicbrainz_ids=96681463-98e2-4032-9728-5fbb7b002427; entities=John Luther Adams; entity_types=Person; calendar_status=current_events; review_confidence=high; evidence=https://www.johnlutheradams.net/calendar
https://johnmccabe.com/,,,,,0,Discovered via MusicBrainz official-homepage review v2; candidates=MBURL1290; musicbrainz_ids=96df4f19-232c-4215-9a9c-aeacc2378655; entities=John McCabe; entity_types=Person; calendar_status=current_events; review_confidence=high; evidence=http://www.johnmccabe.com/events.htm
https://johnrutter.com/,,,,,0,Discovered via MusicBrainz official-homepage review v2; candidates=MBURL1299; musicbrainz_ids=c6985804-1f68-436f-b46b-e3e72529568f; entities=John Rutter; entity_types=Person; calendar_status=current_events; review_confidence=high; evidence=https://johnrutter.com/events
https://johnstorgards.com/,,,,,0,Discovered via MusicBrainz official-homepage review v2; candidates=MBURL1300; musicbrainz_ids=dabe4b28-239c-4c53-9f29-df52137c1906; entities=John Storgårds; entity_types=Person; calendar_status=current_events; review_confidence=high; evidence=https://johnstorgards.com/calendar
https://jonaskaufmann.com/,,,,,0,Discovered via MusicBrainz official-homepage review v2; candidates=MBURL1311; musicbrainz_ids=4b873b02-cfdf-43d0-ac84-9cdd8e26903b; entities=Jonas Kaufmann; entity_types=Person; calendar_status=current_events; review_confidence=high; evidence=
https://jonathananer.com/,,,,,0,Discovered via MusicBrainz official-homepage review v2; candidates=MBURL1312; musicbrainz_ids=7efdd445-bc69-45ed-8822-82b45e7e37c1; entities=Jonathan Aner; entity_types=Person; calendar_status=current_events; review_confidence=high; evidence=https://www.jonathananer.com/#concerts
https://jonathanbiss.com/,,,,,0,Discovered via MusicBrainz official-homepage review v2; candidates=MBURL1313; musicbrainz_ids=630741b0-35bb-4c09-991e-64f98851d18a; entities=Jonathan Biss; entity_types=Person; calendar_status=current_events; review_confidence=high; evidence=https://www.jonathanbiss.com/calendar
https://jonathanleshnoff.com/,,,,,0,Discovered via MusicBrainz official-homepage review v2; candidates=MBURL1315; musicbrainz_ids=0f4948a6-e9e5-47b1-9087-cdfb9933519b; entities=Jonathan Leshnoff; entity_types=Person; calendar_status=current_events; review_confidence=high; evidence=https://www.jonathanleshnoff.com/performances
https://jonathanpowell.wordpress.com/,,,,,0,Discovered via MusicBrainz official-homepage review v2; candidates=MBURL1317; musicbrainz_ids=da06bd7f-8078-4071-9886-309fcfbfc098; entities=Jonathan Powell; entity_types=Person; calendar_status=current_events; review_confidence=high; evidence=https://jonathanpowell.wordpress.com/concerts/
https://jonathanstockhammer.com/,,,,,0,Discovered via MusicBrainz official-homepage review v2; candidates=MBURL1319; musicbrainz_ids=4cc52f31-9653-4ad3-9d4b-ce624f9ed98b; entities=Jonathan Stockhammer; entity_types=Person; calendar_status=current_events; review_confidence=high; evidence=https://jonathanstockhammer.com/calendar/
https://joquail.co.uk/,,,,,0,Discovered via MusicBrainz official-homepage review v2; candidates=MBURL1327; musicbrainz_ids=1b8bcbbc-70cb-4f9b-9d0f-42158f331d21; entities=Jo Quail; entity_types=Person; calendar_status=current_events; review_confidence=high; evidence=https://www.joquail.co.uk/concerts/
https://josephstrickland.blogspot.com/,,,,,0,Discovered via MusicBrainz official-homepage review v2; candidates=MBURL1331; musicbrainz_ids=033dc01f-bf37-498a-89d9-8639364a2a78; entities=Joseph Strickland; entity_types=Person; calendar_status=current_events; review_confidence=high; evidence=http://josephstrickland.blogspot.com/2021/10/psycho-killer-premiere-dual-mania-at.html
https://joshvietti.com/,,,,,0,Discovered via MusicBrainz official-homepage review v2; candidates=MBURL1335; musicbrainz_ids=67c1c59f-15a9-4e34-9020-62d4e9ec1b2b; entities=Josh Vietti; entity_types=Person; calendar_status=current_events; review_confidence=high; evidence=http://www.joshvietti.com/shows
https://jounisomero.com/,,,,,0,Discovered via MusicBrainz official-homepage review v2; candidates=MBURL1339; musicbrainz_ids=58144496-bc2b-4f84-a5f4-b94c1519c963; entities=Jouni Somero; entity_types=Person; calendar_status=current_events; review_confidence=high; evidence=https://www.jounisomero.com/
https://joycedidonato.com/,,,,,0,Discovered via MusicBrainz official-homepage review v2; candidates=MBURL1341; musicbrainz_ids=15e4f8a1-09f7-40c7-b9b1-93fa65b869ea; entities=Joyce DiDonato; entity_types=Person; calendar_status=current_events; review_confidence=high; evidence=
https://juandiegoflorez.com/,,,,,0,Discovered via MusicBrainz official-homepage review v2; candidates=MBURL1347; musicbrainz_ids=c77272a6-7db3-49ec-8cbb-5da16b59966c; entities=Juan Diego Flórez; entity_types=Person; calendar_status=current_events; review_confidence=high; evidence=
https://juansanchezmusic.info/,,,,,0,Discovered via MusicBrainz official-homepage review v2; candidates=MBURL1349; musicbrainz_ids=f996a293-8399-4312-a979-987c28a7526f; entities=Juan Sánchez; entity_types=Person; calendar_status=current_events; review_confidence=high; evidence=https://juansanchezmusic.info/live-concerts-dates
https://judithshatin.com/,,,,,0,Discovered via MusicBrainz official-homepage review v2; candidates=MBURL1351; musicbrainz_ids=eba167df-2a2a-4a55-9096-d5f850ba1ce4; entities=Judith Shatin; entity_types=Person; calendar_status=current_events; review_confidence=high; evidence=https://www.judithshatin.com/events/
https://juliaholter.com/,,,,,0,Discovered via MusicBrainz official-homepage review v2; candidates=MBURL1358; musicbrainz_ids=45610c1f-41a4-44f1-9da6-227510073ffc; entities=Julia Holter; entity_types=Person; calendar_status=current_events; review_confidence=high; evidence=https://juliaholter.com/#tour
https://julianbliss.com/,,,,,0,Discovered via MusicBrainz official-homepage review v2; candidates=MBURL1359; musicbrainz_ids=bfece27c-c63a-45b8-911d-6c80cda0ab2e; entities=Julian Bliss; entity_types=Person; calendar_status=current_events; review_confidence=high; evidence=https://www.julianbliss.com/concerts
https://julianlloydwebber.com/,,,,,0,Discovered via MusicBrainz official-homepage review v2; candidates=MBURL1362; musicbrainz_ids=72ed0310-4de1-49ff-a0ac-5ff4f47ab6cf; entities=Julian Lloyd Webber; entity_types=Person; calendar_status=current_events; review_confidence=high; evidence=https://julianlloydwebber.com/2026/06/bach-bows-arrows-national-concert-hall-dublin-3-sep-2026/
https://juliusdrake.com/,,,,,0,Discovered via MusicBrainz official-homepage review v2; candidates=MBURL1372; musicbrainz_ids=8b3d30cb-ffdf-4e9a-a85b-c550eb9fd0d1; entities=Julius Drake; entity_types=Person; calendar_status=current_events; review_confidence=high; evidence=https://www.juliusdrake.com/curated-projects/#machynlleth
https://justus-frantz.de/,,,,,0,Discovered via MusicBrainz official-homepage review v2; candidates=MBURL1375; musicbrainz_ids=ba3b9866-fe0e-44d5-b98c-a3f47f0636de; entities=Justus Frantz; entity_types=Person; calendar_status=current_events; review_confidence=high; evidence=https://www.justus-frantz.de/finca-festival-frantz-und-friends/
https://kaisakraft.com/,,,,,0,Discovered via MusicBrainz official-homepage review v2; candidates=MBURL1386; musicbrainz_ids=7e6a7842-5c9c-438d-b6ca-4a2a8e3e7aed; entities=Kaisa Kraft; entity_types=Person; calendar_status=current_events; review_confidence=high; evidence=https://www.kaisakraft.com/kalenteri/wagner-tristan-ja-isolde-concertante
https://kalimalone.com/,,,,,0,Discovered via MusicBrainz official-homepage review v2; candidates=MBURL1390; musicbrainz_ids=a0cd6f82-db9d-44b4-a4fb-197ccb3c5973; entities=Kali Malone; entity_types=Person; calendar_status=current_events; review_confidence=high; evidence=https://kalimalone.com/events/
https://karin-rehnqvist.se/,,,,,0,Discovered via MusicBrainz official-homepage review v2; candidates=MBURL1403; musicbrainz_ids=631a39f4-71a6-43ec-834a-a6cb37c3fc04; entities=Karin Rehnqvist; entity_types=Person; calendar_status=current_events; review_confidence=high; evidence=https://karin-rehnqvist.se/category/samtliga-verk/verk/stor-ensemble/
https://karlheinzstockhausen.org/,,,,,0,Discovered via MusicBrainz official-homepage review v2; candidates=MBURL1405; musicbrainz_ids=fd09d776-ddfd-4558-afe7-814420d704ed; entities=Karlheinz Stockhausen; entity_types=Person; calendar_status=current_events; review_confidence=high; evidence=https://www.karlheinzstockhausen.org/Auffuhrungen_Performances_german.htm
https://karolina-aavik.com/,,,,,0,Discovered via MusicBrainz official-homepage review v2; candidates=MBURL1407; musicbrainz_ids=c6aa388a-e092-46dd-9506-8b16f3d9ebb7; entities=Karolina Aavik; entity_types=Person; calendar_status=current_events; review_confidence=high; evidence=https://www.karolina-aavik.com/
https://kateroyal.net/,,,,,0,Discovered via MusicBrainz official-homepage review v2; candidates=MBURL1413; musicbrainz_ids=a0cd5f06-cafa-45cd-827c-85d75cbe327a; entities=Kate Royal; entity_types=Person; calendar_status=current_events; review_confidence=high; evidence=https://www.kateroyal.net/copy-of-discography
https://katherinejenkins.co.uk/,,,,,0,Discovered via MusicBrainz official-homepage review v2; candidates=MBURL1415; musicbrainz_ids=864f4d00-ce12-400d-8942-9af0ca4b1c94; entities=Katherine Jenkins; entity_types=Person; calendar_status=current_events; review_confidence=high; evidence=https://katherinejenkins.co.uk/event/
https://katiagocs.com/,,,,,0,Discovered via MusicBrainz official-homepage review v2; candidates=MBURL1419; musicbrainz_ids=8ac9d040-4891-4e68-ac2d-5fe9634b6502; entities=Kati Agócs; entity_types=Person; calendar_status=current_events; review_confidence=high; evidence=https://www.katiagocs.com/music-calendar
https://kayn.nl/,,,,,0,Discovered via MusicBrainz official-homepage review v2; candidates=MBURL1424; musicbrainz_ids=df1fe6bb-786a-4997-a19d-5c5e8bc15f25; entities=Roland Kayn; entity_types=Person; calendar_status=current_events; review_confidence=high; evidence=https://kayn.nl/events/
https://kevinputs.com/,,,,,0,Discovered via MusicBrainz official-homepage review v2; candidates=MBURL1441; musicbrainz_ids=9d1004b6-6845-4c86-aceb-115d8c70c541; entities=Kevin Puts; entity_types=Person; calendar_status=current_events; review_confidence=high; evidence=https://www.kevinputs.com/events
https://khamira.net/,,,,,0,Discovered via MusicBrainz official-homepage review v2; candidates=MBURL1444; musicbrainz_ids=37a33daa-331b-4a5d-a706-098a2e8fbd71; entities=Khamira; entity_types=Group; calendar_status=current_events; review_confidence=high; evidence=https://www.khamira.net/single-post/khamira-ar-daith---on-tour-september-2023
https://klaushuber.com/,,,,,0,Discovered via MusicBrainz official-homepage review v2; candidates=MBURL1461; musicbrainz_ids=1f5054b4-7a5a-416a-815f-8c329b604212; entities=Klaus Huber; entity_types=Person; calendar_status=current_events; review_confidence=high; evidence=https://www.klaushuber.com/top-5-most-impressive-performances-of-the-1812-overture-by-tchaikovsky/
https://klausmertens.eu/,,,,,0,Discovered via MusicBrainz official-homepage review v2; candidates=MBURL1463; musicbrainz_ids=3c632301-55e9-4ffc-959d-1e01d04e3c51; entities=Klaus Mertens; entity_types=Person; calendar_status=current_events; review_confidence=high; evidence=https://www.klausmertens.eu/events.php
https://knabenkantorei.ch/,,,,,0,Discovered via MusicBrainz official-homepage review v2; candidates=MBURL1464; musicbrainz_ids=761bee46-9ea3-4076-a772-603c91984d72; entities=Knabenkantorei Basel; entity_types=Choir; calendar_status=current_events; review_confidence=high; evidence=http://www.knabenkantorei.ch/#agenda
https://kobekina.info/,,,,,0,Discovered via MusicBrainz official-homepage review v2; candidates=MBURL1468; musicbrainz_ids=8f985a30-7eb1-4d40-8969-ac31e2c98a4e; entities=Anastasia Kobekina; entity_types=Person; calendar_status=current_events; review_confidence=high; evidence=https://www.kobekina.info/concerts
https://konstantinlifschitz.com/,,,,,0,Discovered via MusicBrainz official-homepage review v2; candidates=MBURL1478; musicbrainz_ids=45cef22c-05bb-4ed8-bf88-8c8be427df23; entities=Konstantin Lifschitz; entity_types=Person; calendar_status=current_events; review_confidence=high; evidence=https://konstantinlifschitz.com/concerts/
https://kozena.cz/,,,,,0,Discovered via MusicBrainz official-homepage review v2; candidates=MBURL1482; musicbrainz_ids=a08918ab-bfe3-4468-b6d8-429b36e79a53; entities=Magdalena Kožená; entity_types=Person; calendar_status=current_events; review_confidence=high; evidence=https://www.kozena.cz/novinky/festivalovy-galakoncert-v-brne
https://kwf.org/,,,,,0,Discovered via MusicBrainz official-homepage review v2; candidates=MBURL1505; musicbrainz_ids=0e738f68-783c-4a6a-80ae-4f7500861060; entities=Kurt Weill; entity_types=Person; calendar_status=current_events; review_confidence=high; evidence=https://www.kwf.org/events/
https://larastjohn.com/,,,,,0,Discovered via MusicBrainz official-homepage review v2; candidates=MBURL1523; musicbrainz_ids=a05b33fd-c464-440c-8ebc-83fa84e4620d; entities=Lara St. John; entity_types=Person; calendar_status=current_events; review_confidence=high; evidence=https://www.larastjohn.com/schedule
https://lauraclaycomb.com/en/,,,,,0,Discovered via MusicBrainz official-homepage review v2; candidates=MBURL1526; musicbrainz_ids=e0c38b87-1471-4236-a9c2-1de8c5a61e7e; entities=Laura Claycomb; entity_types=Person; calendar_status=current_events; review_confidence=high; evidence=http://lauraclaycomb.com/en/engagement/masterclass-and-concert-sacri-monti-in-musica/
https://laurieanderson.com/,,,,,0,Discovered via MusicBrainz official-homepage review v2; candidates=MBURL1536; musicbrainz_ids=86809b51-cbe2-45f1-804a-e66eed635dea; entities=Laurie Anderson; entity_types=Person; calendar_status=current_events; review_confidence=high; evidence=https://laurieanderson.com/calendar/
https://laviniameijer.com/,,,,,0,Discovered via MusicBrainz official-homepage review v2; candidates=MBURL1537; musicbrainz_ids=2d8effcb-fc2e-4f7e-b423-776392d06b1b; entities=Lavinia Meijer; entity_types=Person; calendar_status=current_events; review_confidence=high; evidence=https://www.laviniameijer.com/lavinia-meijer-reyer-zwart-on-tour/
https://leabirringer.com/,,,,,0,Discovered via MusicBrainz official-homepage review v2; candidates=MBURL1539; musicbrainz_ids=2a2fcd2f-d305-4c2d-967a-ae7c89611b8a; entities=Lea Birringer; entity_types=Person; calendar_status=current_events; review_confidence=high; evidence=https://www.leabirringer.com/english/concerts/
https://legacy.horowitzv.org/eng-home-2021/history-1/xii-competition-2021/Debut-2021.html,,,,,0,Discovered via MusicBrainz official-homepage review v2; candidates=MBURL1542; musicbrainz_ids=06a6c447-06d4-4393-8eaf-b67faccc9035; entities=Yulianna Beziazychna; entity_types=Person; calendar_status=current_events; review_confidence=high; evidence=https://legacy.horowitzv.org/eng-home-2021/tours.html
https://leifoveandsnes.com/,,,,,0,"Discovered via MusicBrainz official-homepage review v2; candidates=MBURL0152,MBURL1544; musicbrainz_ids=2c094b77-1268-4609-ba95-7545c2c5eb62; entities=Leif Ove Andsnes; entity_types=Person; calendar_status=current_events; review_confidence=high; evidence=https://leifoveandsnes.com/concerts/"
https://lenanatalia.com/,,,,,0,Discovered via MusicBrainz official-homepage review v2; candidates=MBURL1547; musicbrainz_ids=ead9dea3-d87e-41c7-9b5c-2aa009e58635; entities=Lena Natalia; entity_types=Person; calendar_status=current_events; review_confidence=high; evidence=https://www.lenanatalia.com
https://leo-mcfall.com/,,,,,0,Discovered via MusicBrainz official-homepage review v2; candidates=MBURL1551; musicbrainz_ids=f813e48b-67bc-482a-8c74-508fd8a17b4e; entities=Leo McFall; entity_types=Person; calendar_status=current_events; review_confidence=high; evidence=
https://leonardbernstein.com/,,,,,0,Discovered via MusicBrainz official-homepage review v2; candidates=MBURL1552; musicbrainz_ids=fa39bc82-9b27-4bbb-9425-d719a72e09ac; entities=Leonard Bernstein; entity_types=Person; calendar_status=current_events; review_confidence=high; evidence=https://www.leonardbernstein.com/news
https://leonardslatkin.com/,,,,,0,Discovered via MusicBrainz official-homepage review v2; candidates=MBURL1553; musicbrainz_ids=97e78ecf-0d07-461f-817d-16765bc9da25; entities=Leonard Slatkin; entity_types=Person; calendar_status=current_events; review_confidence=high; evidence=https://www.leonardslatkin.com/schedule/
https://lesleygarrett.co.uk/,,,,,0,Discovered via MusicBrainz official-homepage review v2; candidates=MBURL1562; musicbrainz_ids=57388889-b8db-4e40-9be3-7f8734c8b008; entities=Lesley Garrett; entity_types=Person; calendar_status=current_events; review_confidence=high; evidence=https://lesleygarrett.co.uk/events/
https://lisabatiashvili.com/,,,,,0,Discovered via MusicBrainz official-homepage review v2; candidates=MBURL1572; musicbrainz_ids=4b0f0c8b-d661-4d1e-96e0-eed0f68ef495; entities=Lisa Batiashvili; entity_types=Person; calendar_status=current_events; review_confidence=high; evidence=
https://lorenzopalomo.com/,,,,,0,Discovered via MusicBrainz official-homepage review v2; candidates=MBURL1591; musicbrainz_ids=89ea65d0-1c84-4497-813f-919a419c5901; entities=Lorenzo Palomo; entity_types=Person; calendar_status=current_events; review_confidence=high; evidence=http://lorenzopalomo.com/orchestras-concert-halls/
https://lottawennakoski.com/,,,,,0,Discovered via MusicBrainz official-homepage review v2; candidates=MBURL1595; musicbrainz_ids=a92928a1-333c-48a1-a704-c8bfb4af3358; entities=Lotta Wennäkoski; entity_types=Person; calendar_status=current_events; review_confidence=high; evidence=https://lottawennakoski.com/calendar/
https://lucianoberio.org/,,,,,0,Discovered via MusicBrainz official-homepage review v2; candidates=MBURL1608; musicbrainz_ids=d61e77cc-80b3-4586-bf4e-91fe7f13165e; entities=Luciano Berio; entity_types=Person; calendar_status=current_events; review_confidence=high; evidence=https://www.lucianoberio.org/centenario/
https://lucyrailton.com/,,,,,0,Discovered via MusicBrainz official-homepage review v2; candidates=MBURL1610; musicbrainz_ids=baa42d27-2474-4133-bd23-527abd232f9c; entities=Lucy Railton; entity_types=Person; calendar_status=current_events; review_confidence=high; evidence=https://lucyrailton.com/Performances
https://ludovicmorlot.com/,,,,,0,Discovered via MusicBrainz official-homepage review v2; candidates=MBURL1612; musicbrainz_ids=eace8da8-8535-47c4-82da-902c792ec9f4; entities=Ludovic Morlot; entity_types=Person; calendar_status=current_events; review_confidence=high; evidence=https://ludovicmorlot.com/schedule/
https://maestromaazel.com/,,,,,0,Discovered via MusicBrainz official-homepage review v2; candidates=MBURL1624; musicbrainz_ids=e38bb7a2-c3e5-4be2-894b-7078c40b9955; entities=Lorin Maazel; entity_types=Person; calendar_status=current_events; review_confidence=high; evidence=https://www.maestromaazel.com/
https://mahmoudabuwarda.com/,,,,,0,Discovered via MusicBrainz official-homepage review v2; candidates=MBURL1628; musicbrainz_ids=ffd3fab8-492e-4a73-a378-cc9aa4032211; entities=Mahmoud Abuwarda; entity_types=Person; calendar_status=current_events; review_confidence=high; evidence=https://www.mahmoudabuwarda.com/orchestral/
https://marcandrehamelin.com/,,,,,0,Discovered via MusicBrainz official-homepage review v2; candidates=MBURL1644; musicbrainz_ids=28bdba1f-35c9-4c13-a728-7a72ea37b3ea; entities=Marc‐André Hamelin; entity_types=Person; calendar_status=current_events; review_confidence=high; evidence=https://www.marcandrehamelin.com/calendar
https://marikosenju.com/,,,,,0,Discovered via MusicBrainz official-homepage review v2; candidates=MBURL1664; musicbrainz_ids=743342a9-f71f-4888-ac16-5db99e7c8e15; entities=千住真理子; entity_types=Person; calendar_status=current_events; review_confidence=high; evidence=https://marikosenju.com/concert/20260822/
https://marinalsop.com/,,,,,0,Discovered via MusicBrainz official-homepage review v2; candidates=MBURL1666; musicbrainz_ids=085a100e-4233-4030-a30b-8789e63a3057; entities=Marin Alsop; entity_types=Person; calendar_status=current_events; review_confidence=high; evidence=https://www.marinalsop.com/calendar/
https://mariotticonductor.com/,,,,,0,Discovered via MusicBrainz official-homepage review v2; candidates=MBURL1667; musicbrainz_ids=74fd7666-133e-4831-9a79-ef413c5f578f; entities=Michele Mariotti; entity_types=Person; calendar_status=current_events; review_confidence=high; evidence=https://www.mariotticonductor.com/agenda/
https://mariovenzago.com/,,,,,0,Discovered via MusicBrainz official-homepage review v2; candidates=MBURL1668; musicbrainz_ids=4a55df79-1e5d-40d1-b3a6-efc61800c913; entities=Mario Venzago; entity_types=Person; calendar_status=current_events; review_confidence=high; evidence=https://www.mariovenzago.com/#termine
https://marioverandi.de/,,,,,0,Discovered via MusicBrainz official-homepage review v2; candidates=MBURL1669; musicbrainz_ids=d8bf629a-d284-4a24-a7d1-7e5ac9b30e94; entities=Mario Verandi; entity_types=Person; calendar_status=current_events; review_confidence=high; evidence=https://www.marioverandi.de/klangbuch-performance/
https://markusposchner.de/,,,,,0,Discovered via MusicBrainz official-homepage review v2; candidates=MBURL1676; musicbrainz_ids=8a9ddaab-318e-4a6a-b3bd-08d380edf4b5; entities=Markus Poschner; entity_types=Person; calendar_status=current_events; review_confidence=high; evidence=https://markusposchner.de/calender/
https://martineau.info/,,,,,0,Discovered via MusicBrainz official-homepage review v2; candidates=MBURL1685; musicbrainz_ids=872813e0-1cab-41d0-9fd2-b5499b621720; entities=Malcolm Martineau; entity_types=Person; calendar_status=current_events; review_confidence=high; evidence=http://martineau.info/upcoming-calendar/
https://matteo-bevilacqua.it/,,,,,0,Discovered via MusicBrainz official-homepage review v2; candidates=MBURL1705; musicbrainz_ids=a1a7123d-618d-4c81-aff4-43e4f7bb0bea; entities=Matteo Bevilacqua; entity_types=Person; calendar_status=current_events; review_confidence=high; evidence=https://www.matteo-bevilacqua.it/performance/
https://matteofranceschini.com/,,,,,0,Discovered via MusicBrainz official-homepage review v2; candidates=MBURL1706; musicbrainz_ids=ba5248ec-87b2-43b6-b12c-a4f64e1d1413; entities=Matteo Franceschini; entity_types=Person; calendar_status=current_events; review_confidence=high; evidence=https://matteofranceschini.com/calendar/
https://matthewtoogood.com/,,,,,0,Discovered via MusicBrainz official-homepage review v2; candidates=MBURL1710; musicbrainz_ids=77f5b23e-46da-4cd5-a6b6-799b139893a8; entities=Matthew Toogood; entity_types=Person; calendar_status=current_events; review_confidence=high; evidence=https://www.matthewtoogood.com/schedule
https://matthiaswinckhler.de/,,,,,0,Discovered via MusicBrainz official-homepage review v2; candidates=MBURL1715; musicbrainz_ids=6b6d3660-3169-4ee4-afac-16fdba4f3611; entities=Matthias Winckhler; entity_types=Person; calendar_status=current_events; review_confidence=high; evidence=https://www.matthiaswinckhler.de/agenda
https://mattiavladmorleo.com/,,,,,0,Discovered via MusicBrainz official-homepage review v2; candidates=MBURL1716; musicbrainz_ids=704eeab7-da6b-4382-8cf8-d716af7a551c; entities=Mattia Vlad Morleo; entity_types=Person; calendar_status=current_events; review_confidence=high; evidence=https://www.mattiavladmorleo.com/concerts
https://mauriziobaglini.com/,,,,,0,Discovered via MusicBrainz official-homepage review v2; candidates=MBURL1720; musicbrainz_ids=64e281f3-2b5e-45e5-b3ff-efeb3b135267; entities=Maurizio Baglini; entity_types=Person; calendar_status=current_events; review_confidence=high; evidence=https://www.mauriziobaglini.com/calendar-2
https://mayumi-seiler.com/,,,,,0,Discovered via MusicBrainz official-homepage review v2; candidates=MBURL1727; musicbrainz_ids=28cdbda9-db18-4c42-9a48-46ec8c96e6de; entities=Mayumi Seiler; entity_types=Person; calendar_status=current_events; review_confidence=high; evidence=https://www.mayumi-seiler.com/events/
https://melvyntan.com/,,,,,0,Discovered via MusicBrainz official-homepage review v2; candidates=MBURL1738; musicbrainz_ids=350d3c6c-c81c-4ebf-b983-9294cb20c02e; entities=Melvyn Tan; entity_types=Person; calendar_status=current_events; review_confidence=high; evidence=https://www.melvyntan.com/concerts/
https://mendelssohn-stiftung.de/de/,,,,,0,Discovered via MusicBrainz official-homepage review v2; candidates=MBURL1742; musicbrainz_ids=0e85eb79-1c05-44ba-827c-7b259a3d941a; entities=Felix Mendelssohn; entity_types=Person; calendar_status=current_events; review_confidence=high; evidence=https://www.mendelssohn-stiftung.de/de/konzerte
https://meredithmonk.org/,,,,,0,Discovered via MusicBrainz official-homepage review v2; candidates=MBURL1746; musicbrainz_ids=1efe59aa-d9fb-4293-b431-75b6c3fb9bcc; entities=Meredith Monk; entity_types=Person; calendar_status=current_events; review_confidence=high; evidence=https://www.meredithmonk.org/calendar/current
https://metorchestramusicians.org/,,,,,0,Discovered via MusicBrainz official-homepage review v2; candidates=MBURL1747; musicbrainz_ids=ff08a478-c4af-40f2-81fd-5421db1c1683; entities=Metropolitan Opera Orchestra; entity_types=Orchestra; calendar_status=current_events; review_confidence=high; evidence=https://www.metorchestramusicians.org/
https://michaelgordonmusic.com/,,,,,0,Discovered via MusicBrainz official-homepage review v2; candidates=MBURL1756; musicbrainz_ids=275810e8-9526-4d36-a1a5-6f013f2f1858; entities=Michael Gordon; entity_types=Person; calendar_status=current_events; review_confidence=high; evidence=https://michaelgordonmusic.com/events/
https://michaelharrison.com/,,,,,0,Discovered via MusicBrainz official-homepage review v2; candidates=MBURL1757; musicbrainz_ids=9acad4e4-b842-4e11-9ab9-105abaf318a0; entities=Michael Harrison; entity_types=Person; calendar_status=current_events; review_confidence=high; evidence=https://www.michaelharrison.com/events
https://michaelkamen.com/,,,,,0,Discovered via MusicBrainz official-homepage review v2; candidates=MBURL1759; musicbrainz_ids=adcc6c98-0bf1-4d54-84aa-2249cf5e46bf; entities=Michael Kamen; entity_types=Person; calendar_status=current_events; review_confidence=high; evidence=https://www.michaelkamen.com/
https://michaelmchale.com/,,,,,0,Discovered via MusicBrainz official-homepage review v2; candidates=MBURL1761; musicbrainz_ids=b8bec58b-d6a9-466d-a9c7-2950ab9f2279; entities=Michael McHale; entity_types=Person; calendar_status=current_events; review_confidence=high; evidence=https://www.michaelmchale.com/concerts
https://michaeltilsonthomas.com/,,,,,0,Discovered via MusicBrainz official-homepage review v2; candidates=MBURL1767; musicbrainz_ids=f6df125a-a83c-4161-8cbe-48f4a3a7cad5; entities=Michael Tilson Thomas; entity_types=Person; calendar_status=current_events; review_confidence=high; evidence=https://michaeltilsonthomas.com/performances/
https://michelcamilo.com/,,,,,0,Discovered via MusicBrainz official-homepage review v2; candidates=MBURL1773; musicbrainz_ids=57829f93-1815-436e-8e9e-55eb788a6f54; entities=Michel Camilo; entity_types=Person; calendar_status=current_events; review_confidence=high; evidence=https://www.michelcamilo.com/sitemap.xml
https://mihkelpoll.com/,,,,,0,Discovered via MusicBrainz official-homepage review v2; candidates=MBURL1780; musicbrainz_ids=10995b5a-3d63-45b8-837f-cf6b64a0b26e; entities=Mihkel Poll; entity_types=Person; calendar_status=current_events; review_confidence=high; evidence=https://mihkelpoll.com/concerts/
https://mikeoldfieldofficial.com/,,,,,0,Discovered via MusicBrainz official-homepage review v2; candidates=MBURL1784; musicbrainz_ids=a1684a49-feaa-4150-b758-d9412fc59f12; entities=Mike Oldfield; entity_types=Person; calendar_status=current_events; review_confidence=high; evidence=https://www.mikeoldfieldofficial.com/tour/
https://mikistheodorakis.gr/,,,,,0,Discovered via MusicBrainz official-homepage review v2; candidates=MBURL1788; musicbrainz_ids=83970769-d8ea-434b-8734-88899213c922; entities=Μίκης Θεοδωράκης; entity_types=Person; calendar_status=current_events; review_confidence=high; evidence=https://www.mikistheodorakis.gr/el/events/
https://mikkoluoma.com/,,,,,0,Discovered via MusicBrainz official-homepage review v2; candidates=MBURL1790; musicbrainz_ids=ae03d7b3-d0b4-4aae-b3d5-2eb9feea2c0f; entities=Mikko Luoma; entity_types=Person; calendar_status=current_events; review_confidence=high; evidence=http://mikkoluoma.com/concerts.html
https://mikyungbass.com/,,,,,0,Discovered via MusicBrainz official-homepage review v2; candidates=MBURL1793; musicbrainz_ids=674bd92f-24e5-45e8-8f6e-dc36bd64bae3; entities=Mikyung Sung; entity_types=Person; calendar_status=current_events; review_confidence=high; evidence=https://mikyungbass.com/concerts
https://milesdavis.com/,,,,,0,Discovered via MusicBrainz official-homepage review v2; candidates=MBURL1795; musicbrainz_ids=561d854a-6a28-4aa7-8c99-323e6ce46c2a; entities=Miles Davis; entity_types=Person; calendar_status=current_events; review_confidence=high; evidence=https://www.milesdavis.com/
https://miroslavbeinhauer.com/,,,,,0,Discovered via MusicBrainz official-homepage review v2; candidates=MBURL1804; musicbrainz_ids=f631cdad-1afc-41ef-b7cd-7a5154d6da08; entities=Miroslav Beinhauer; entity_types=Person; calendar_status=current_events; review_confidence=high; evidence=https://miroslavbeinhauer.com/
https://mishaquintcello.com/,,,,,0,Discovered via MusicBrainz official-homepage review v2; candidates=MBURL1808; musicbrainz_ids=a44282d2-9ff1-4bc8-8fa9-9f969c15a3d8; entities=Misha Quint; entity_types=Person; calendar_status=current_events; review_confidence=high; evidence=https://www.mishaquintcello.com/#section_7
https://miyamasaoka.com/,,,,,0,Discovered via MusicBrainz official-homepage review v2; candidates=MBURL1812; musicbrainz_ids=bb284106-a18d-4f8c-9847-1dce9b8874df; entities=Miya Masaoka; entity_types=Person; calendar_status=current_events; review_confidence=high; evidence=
https://mojcaerdmann.com/,,,,,0,Discovered via MusicBrainz official-homepage review v2; candidates=MBURL1821; musicbrainz_ids=72630913-8f1b-4ff1-b993-989dbc263a09; entities=Mojca Erdmann; entity_types=Person; calendar_status=current_events; review_confidence=high; evidence=https://www.mojcaerdmann.com/past-performances/
https://moonarsenii.com/,,,,,0,Discovered via MusicBrainz official-homepage review v2; candidates=MBURL1826; musicbrainz_ids=c7b9ba9b-e90a-4562-a28b-e774b576aff3; entities=Arsenii Moon; entity_types=Person; calendar_status=current_events; review_confidence=high; evidence=https://www.moonarsenii.com/calendar
https://mozart.co.at/,,,,,0,Discovered via MusicBrainz official-homepage review v2; candidates=MBURL1834; musicbrainz_ids=235516a6-3a01-4f90-946c-5f47e4ceb81e; entities=Wiener Mozart Orchester; entity_types=Orchestra; calendar_status=current_events; review_confidence=high; evidence=https://www.mozart.co.at/the-concert-halls/
https://mrs.miklosrozsa.info/,,,,,0,Discovered via MusicBrainz official-homepage review v2; candidates=MBURL1836; musicbrainz_ids=0008af7d-2aa1-4b4d-80af-b3b64ee3cac6; entities=Miklós Rózsa; entity_types=Person; calendar_status=current_events; review_confidence=high; evidence=
https://musicasacrany.com/,,,,,0,Discovered via MusicBrainz official-homepage review v2; candidates=MBURL1852; musicbrainz_ids=0509bd03-3f26-4479-979d-c31358b6bac8; entities=Musica Sacra; entity_types=Choir; calendar_status=current_events; review_confidence=high; evidence=https://musicasacrany.com/jun-24-27-ny-phil-collaboration-amadeus-in-concert/
https://naoumoff.com/,,,,,0,Discovered via MusicBrainz official-homepage review v2; candidates=MBURL1867; musicbrainz_ids=07159b74-91a4-45d2-81d5-1055c7db463f; entities=Émile Naoumoff; entity_types=Person; calendar_status=current_events; review_confidence=high; evidence=http://www.naoumoff.com/
https://nataliedraper.net/,,,,,0,Discovered via MusicBrainz official-homepage review v2; candidates=MBURL1877; musicbrainz_ids=cbf0dd1e-64ab-478b-9eaa-efbb244c86f5; entities=Natalie Draper; entity_types=Person; calendar_status=current_events; review_confidence=high; evidence=https://www.nataliedraper.net/upcoming-performances.html
https://nicholascollon.co.uk/,,,,,0,Discovered via MusicBrainz official-homepage review v2; candidates=MBURL1900; musicbrainz_ids=30941806-b97c-49ae-818f-7fe84976a04f; entities=Nicholas Collon; entity_types=Person; calendar_status=current_events; review_confidence=high; evidence=http://nicholascollon.co.uk/calendar
https://nicholasdaniel.co.uk/,,,,,0,Discovered via MusicBrainz official-homepage review v2; candidates=MBURL1901; musicbrainz_ids=31e49ee1-444b-4586-a68c-56ae35ba298e; entities=Nicholas Daniel; entity_types=Person; calendar_status=current_events; review_confidence=high; evidence=https://nicholasdaniel.co.uk/ensembles/
https://nicholasmilton.com/home.html,,,,,0,Discovered via MusicBrainz official-homepage review v2; candidates=MBURL1903; musicbrainz_ids=94b50960-0358-4393-868a-b3152937ee9a; entities=Nicholas Milton; entity_types=Person; calendar_status=current_events; review_confidence=high; evidence=https://www.nicholasmilton.com/calendar.html
https://nicholasrimmer.com/,,,,,0,Discovered via MusicBrainz official-homepage review v2; candidates=MBURL1904; musicbrainz_ids=a1868360-d9e6-4510-8960-3b3d4e345f7b; entities=Nicholas Rimmer; entity_types=Person; calendar_status=current_events; review_confidence=high; evidence=https://nicholasrimmer.com/konzerte/
https://nicholastamagna.com/,,,,,0,Discovered via MusicBrainz official-homepage review v2; candidates=MBURL1905; musicbrainz_ids=dd6a3f54-9a45-40e6-9d3d-eb36e3ff74ff; entities=Nicholas Tamagna; entity_types=Person; calendar_status=current_events; review_confidence=high; evidence=
https://nicoladibenedettoviolin.com/,,,,,0,Discovered via MusicBrainz official-homepage review v2; candidates=MBURL1911; musicbrainz_ids=f16abfc6-924f-46c9-a028-c0b531730ada; entities=Nicola Di Benedetto; entity_types=Person; calendar_status=current_events; review_confidence=high; evidence=
https://nicolasdautricourt.com/,,,,,0,Discovered via MusicBrainz official-homepage review v2; candidates=MBURL1916; musicbrainz_ids=87c5e1a4-a6fd-4db6-a2d0-8ecde19447ee; entities=Nicolas Dautricourt; entity_types=Person; calendar_status=current_events; review_confidence=high; evidence=https://www.nicolasdautricourt.com/festival
https://nilsfrahm.com/,,,,,0,Discovered via MusicBrainz official-homepage review v2; candidates=MBURL1925; musicbrainz_ids=d03a54bc-6e07-4c04-a8d4-7fbf2bd07a01; entities=Nils Frahm; entity_types=Person; calendar_status=current_events; review_confidence=high; evidence=https://www.nilsfrahm.com/1956-2/
https://ninogvetadze.net/,,,,,0,Discovered via MusicBrainz official-homepage review v2; candidates=MBURL1928; musicbrainz_ids=a3c654ff-c849-44b0-a204-28f047b3e48d; entities=Nino Gvetadze; entity_types=Person; calendar_status=current_events; review_confidence=high; evidence=https://www.ninogvetadze.net/tour
https://nitsch.org/,,,,,0,Discovered via MusicBrainz official-homepage review v2; candidates=MBURL1930; musicbrainz_ids=cbadeb12-bb3c-490f-95f4-f6444c111f32; entities=Hermann Nitsch; entity_types=Person; calendar_status=current_events; review_confidence=high; evidence=https://www.nitsch.org/events/
https://noawildschut.com/,,,,,0,Discovered via MusicBrainz official-homepage review v2; candidates=MBURL1935; musicbrainz_ids=af4f344f-6e75-4570-9f88-93930ddfaff6; entities=Noa Wildschut; entity_types=Person; calendar_status=current_events; review_confidence=high; evidence=
https://normanshetler.com/,,,,,0,Discovered via MusicBrainz official-homepage review v2; candidates=MBURL1940; musicbrainz_ids=02fd93f4-c04b-4568-bbe8-e9cdd6849aad; entities=Norman Shetler; entity_types=Person; calendar_status=current_events; review_confidence=high; evidence=https://normanshetler.com/2025/04/17/norman-shelter-in-concert-july-20-2021/
https://npoklassiek.nl/klassiek/videoarchief-2/16066593-4264-483c-a4d6-e4bdd9fb38b5/yulianna-beziazychna?utm_source,,,,,0,Discovered via MusicBrainz official-homepage review v2; candidates=MBURL1947; musicbrainz_ids=06a6c447-06d4-4393-8eaf-b67faccc9035; entities=Yulianna Beziazychna; entity_types=Person; calendar_status=current_events; review_confidence=high; evidence=https://www.npoklassiek.nl/programmas
https://onolisa.com/,,,,,0,"Discovered via MusicBrainz official-homepage review v2; candidates=MBURL1982,MBURL1983; musicbrainz_ids=c9cc87e1-5913-49ca-ac94-7055cf145d3f; entities=小野リサ; entity_types=Person; calendar_status=current_events; review_confidence=high; evidence=https://onolisa.com/en/live/lisa-concert-in-machida2026 | https://onolisa.com/live/29th-greentea-jazz-festival2026"
https://opus3artists.com/artists/isabelle-faust/,,,,,0,Discovered via MusicBrainz official-homepage review v2; candidates=MBURL1995; musicbrainz_ids=b12b238a-c19b-4160-8b06-17c7b1fc3be6; entities=Isabelle Faust; entity_types=Person; calendar_status=current_events; review_confidence=high; evidence=https://www.opus3artists.com/review-esa-pekka-salonens-final-sf-symphony-concerts-off-to-a-dramatic-start/
https://orchestrenouvellegeneration.com/,,,,,0,Discovered via MusicBrainz official-homepage review v2; candidates=MBURL2007; musicbrainz_ids=53c28a16-64ab-4bee-9dab-210a1e8b32a4; entities=Yuli Turovsky; entity_types=Person; calendar_status=current_events; review_confidence=high; evidence=https://orchestrenouvellegeneration.com/2025-2026-season/
https://orionweiss.com/,,,,,0,Discovered via MusicBrainz official-homepage review v2; candidates=MBURL2014; musicbrainz_ids=c93f3174-8ee1-4322-a3ad-bb38be250ffd; entities=Orion Weiss; entity_types=Person; calendar_status=current_events; review_confidence=high; evidence=https://www.orionweiss.com/schedule
https://orkestras.pro/,,,,,0,Discovered via MusicBrainz official-homepage review v2; candidates=MBURL2018; musicbrainz_ids=01174816-2170-429f-9c18-6c0e09624f6b; entities=Palangos orkestras; entity_types=Orchestra; calendar_status=current_events; review_confidence=high; evidence=https://orkestras.pro/events/orkestro-vasara-2026-orchestra-summer-2026/
https://orlishaham.com/,,,,,0,Discovered via MusicBrainz official-homepage review v2; candidates=MBURL2019; musicbrainz_ids=fe0823b2-9b43-47aa-8f6a-abd1d35f6aa3; entities=Orli Shaham; entity_types=Person; calendar_status=current_events; review_confidence=high; evidence=
https://pabloferrandez.com/,,,,,0,Discovered via MusicBrainz official-homepage review v2; candidates=MBURL2037; musicbrainz_ids=f0ec175c-fb04-474c-93a8-d8c9882cbdc9; entities=Pablo Ferrández; entity_types=Person; calendar_status=current_events; review_confidence=high; evidence=
https://pascaldevoyon.com/,,,,,0,Discovered via MusicBrainz official-homepage review v2; candidates=MBURL2046; musicbrainz_ids=0b66cfaa-9372-4373-94e0-6bcbb7e78027; entities=Pascal Devoyon; entity_types=Person; calendar_status=current_events; review_confidence=high; evidence=http://www.pascaldevoyon.com/
https://passepartoutduo.com/,,,,,0,Discovered via MusicBrainz official-homepage review v2; candidates=MBURL2048; musicbrainz_ids=29a89b73-19b6-4c62-ba7a-f41f4e73319d; entities=Passepartout Duo; entity_types=Group; calendar_status=current_events; review_confidence=high; evidence=https://passepartoutduo.com/events
https://patrickdoylemusic.com/,,,,,0,Discovered via MusicBrainz official-homepage review v2; candidates=MBURL2053; musicbrainz_ids=0627192d-4fed-4f4b-bad8-383bb42fa8fa; entities=Patrick Doyle; entity_types=Person; calendar_status=current_events; review_confidence=high; evidence=https://patrickdoylemusic.com/
https://paularobison.com/,,,,,0,Discovered via MusicBrainz official-homepage review v2; candidates=MBURL2059; musicbrainz_ids=4ec969ea-4f63-4a0b-a502-1389966686c4; entities=Paula Robison; entity_types=Person; calendar_status=current_events; review_confidence=high; evidence=https://www.paularobison.com/upcoming-events
https://pauljacobsorgan.com/,,,,,0,Discovered via MusicBrainz official-homepage review v2; candidates=MBURL2062; musicbrainz_ids=e94cfd67-43f1-4f22-945c-6c6a9f97bfd7; entities=Paul Jacobs; entity_types=Person; calendar_status=current_events; review_confidence=high; evidence=https://www.pauljacobsorgan.com/concerts
https://paulneubauer.com/,,,,,0,Discovered via MusicBrainz official-homepage review v2; candidates=MBURL2064; musicbrainz_ids=0c049565-c0f3-4495-a886-52958ed588d8; entities=Paul Neubauer; entity_types=Person; calendar_status=current_events; review_confidence=high; evidence=
https://peterbroderick.net/,,,,,0,Discovered via MusicBrainz official-homepage review v2; candidates=MBURL2081; musicbrainz_ids=e60a4481-472a-42cf-a84d-6a9419e4e5e3; entities=Peter Broderick; entity_types=Person; calendar_status=current_events; review_confidence=high; evidence=https://www.peterbroderick.net/
https://philipglass.com/,,,,,0,Discovered via MusicBrainz official-homepage review v2; candidates=MBURL2107; musicbrainz_ids=5ae54dee-4dba-49c0-802a-a3b3b3adfe9b; entities=Philip Glass; entity_types=Person; calendar_status=current_events; review_confidence=high; evidence=https://philipglass.com/events/
https://phillniblock.com/,,,,,0,Discovered via MusicBrainz official-homepage review v2; candidates=MBURL2114; musicbrainz_ids=12e4406c-33db-4414-92bb-f63b4602a7f4; entities=Phill Niblock; entity_types=Person; calendar_status=current_events; review_confidence=high; evidence=https://phillniblock.com/2025/08/30/events-autumn-winter-2025/
https://piano-competition-kronberg.de/en/ergebnisse-2025/?utm_source,,,,,0,Discovered via MusicBrainz official-homepage review v2; candidates=MBURL2117; musicbrainz_ids=06a6c447-06d4-4393-8eaf-b67faccc9035; entities=Yulianna Beziazychna; entity_types=Person; calendar_status=current_events; review_confidence=high; evidence=https://piano-competition-kronberg.de/en/ergebnisse-2025/
https://pierrelaurentaimard.com/,,,,,0,Discovered via MusicBrainz official-homepage review v2; candidates=MBURL2127; musicbrainz_ids=bfc4370b-c0d9-46c7-825b-bf09f9b65264; entities=Pierre‐Laurent Aimard; entity_types=Person; calendar_status=current_events; review_confidence=high; evidence=https://pierrelaurentaimard.com/calendar/
https://piiakomsi.com/,,,,,0,Discovered via MusicBrainz official-homepage review v2; candidates=MBURL2130; musicbrainz_ids=5734164a-3b66-46e3-811b-7dece9030db3; entities=Piia Komsi; entity_types=Person; calendar_status=current_events; review_confidence=high; evidence=https://piiakomsi.com/concert/
https://placidodomingo.com/,,,,,0,Discovered via MusicBrainz official-homepage review v2; candidates=MBURL2138; musicbrainz_ids=521df2bd-01f6-456e-9d5f-f081068819c2; entities=Plácido Domingo; entity_types=Person; calendar_status=current_events; review_confidence=high; evidence=https://www.placidodomingo.com/calendar/
https://qasim-naqvi.com/,,,,,0,Discovered via MusicBrainz official-homepage review v2; candidates=MBURL2159; musicbrainz_ids=0ec83a22-e685-4093-b720-485678281e51; entities=Qasim Naqvi; entity_types=Person; calendar_status=current_events; review_confidence=high; evidence=http://www.qasim-naqvi.com/concerts-and-events
https://rachelbartonpine.com/,,,,,0,Discovered via MusicBrainz official-homepage review v2; candidates=MBURL2170; musicbrainz_ids=786fbccf-559a-4779-b45b-be1a8b90da90; entities=Rachel Barton Pine; entity_types=Person; calendar_status=current_events; review_confidence=high; evidence=https://www.rachelbartonpine.com/concerts
https://rafaelpayare.com/,,,,,0,Discovered via MusicBrainz official-homepage review v2; candidates=MBURL2177; musicbrainz_ids=bcc07196-31e5-436c-8539-adcfa59b9e4a; entities=Rafael Payare; entity_types=Person; calendar_status=current_events; review_confidence=high; evidence=https://rafaelpayare.com/payare-and-osm-featured-in-financial-times-ahead-of-edinburgh-international-festival-performances/
https://raihala.com/,,,,,0,Discovered via MusicBrainz official-homepage review v2; candidates=MBURL2180; musicbrainz_ids=2ccd0035-16c4-4a95-9bf0-96cffe4ab5ad; entities=Osmo Tapio Räihälä; entity_types=Person; calendar_status=current_events; review_confidence=high; evidence=https://www.raihala.com/concerto
https://ralphvanraat.com/,,,,,0,Discovered via MusicBrainz official-homepage review v2; candidates=MBURL2183; musicbrainz_ids=9bb6c9da-13e2-43a3-b8cc-0158e0341ff0; entities=Ralph van Raat; entity_types=Person; calendar_status=current_events; review_confidence=high; evidence=https://ralphvanraat.com/performances/
https://raphaelwallfisch.com/,,,,,0,Discovered via MusicBrainz official-homepage review v2; candidates=MBURL2191; musicbrainz_ids=c1ea77f3-7aad-4457-827d-d8ff73089ddf; entities=Raphael Wallfisch; entity_types=Person; calendar_status=current_events; review_confidence=high; evidence=http://www.raphaelwallfisch.com/?page_id=41
https://regulamuehlemann.com/,,,,,0,Discovered via MusicBrainz official-homepage review v2; candidates=MBURL2207; musicbrainz_ids=2a064763-7749-4d19-a763-17d37c373789; entities=Regula Mühlemann; entity_types=Person; calendar_status=current_events; review_confidence=high; evidence=https://regulamuehlemann.com/calendar/
https://reinhardtbuhr.com/,,,,,0,Discovered via MusicBrainz official-homepage review v2; candidates=MBURL2209; musicbrainz_ids=485cc0e8-63e4-4d0e-bed5-dfd1894caa96; entities=Reinhardt Buhr; entity_types=Person; calendar_status=current_events; review_confidence=high; evidence=https://reinhardtbuhr.com/pages/tour-line-up
https://reinhold-friedrich.de/,,,,,0,Discovered via MusicBrainz official-homepage review v2; candidates=MBURL2210; musicbrainz_ids=a79cba00-73e2-42d2-b683-9d9f59ae98b8; entities=Reinhold Friedrich; entity_types=Person; calendar_status=current_events; review_confidence=high; evidence=https://www.reinhold-friedrich.de/veranstaltungen/
https://resonanceslo.com/,,,,,0,Discovered via MusicBrainz official-homepage review v2; candidates=MBURL2217; musicbrainz_ids=49eabd52-cf9f-4a9f-a72e-3500a7af6cba; entities=Resonance Vocal Ensemble; entity_types=Choir; calendar_status=current_events; review_confidence=high; evidence=
https://rhodridavies.com/,,,,,0,Discovered via MusicBrainz official-homepage review v2; candidates=MBURL2223; musicbrainz_ids=7629f948-7f2a-4006-9193-61a73d144ec9; entities=Rhodri Davies; entity_types=Person; calendar_status=current_events; review_confidence=high; evidence=
https://riccardominasi.com/,,,,,0,Discovered via MusicBrainz official-homepage review v2; candidates=MBURL2225; musicbrainz_ids=35c7ae2f-c43c-4438-b857-02bd6c99fdb9; entities=Riccardo Minasi; entity_types=Person; calendar_status=current_events; review_confidence=high; evidence=https://www.riccardominasi.com/schedule
https://riccardomuti.com/,,,,,0,Discovered via MusicBrainz official-homepage review v2; candidates=MBURL2226; musicbrainz_ids=eb458ad6-7070-47af-ad92-968ea0b9dce2; entities=Riccardo Muti; entity_types=Person; calendar_status=current_events; review_confidence=high; evidence=https://www.riccardomuti.com/events/
https://richard-danielpour.com/,,,,,0,Discovered via MusicBrainz official-homepage review v2; candidates=MBURL2227; musicbrainz_ids=4097d7dd-a840-4f76-a136-e915a2cdc5e2; entities=Richard Danielpour; entity_types=Person; calendar_status=current_events; review_confidence=high; evidence=https://www.richard-danielpour.com/single-post/richard-danielpour-s-opera-the-grand-hotel-tartarus-is-not-just-any-luxury-hotel
https://richarddubugnon.com/,,,,,0,Discovered via MusicBrainz official-homepage review v2; candidates=MBURL2232; musicbrainz_ids=774b05da-eab5-4716-9164-fa5edede9d62; entities=Richard Dubugnon; entity_types=Person; calendar_status=current_events; review_confidence=high; evidence=
https://rikemmett.com/,,,,,0,Discovered via MusicBrainz official-homepage review v2; candidates=MBURL2236; musicbrainz_ids=5a4de661-045d-4d0c-8cc3-5d25b3ab7d58; entities=Rik Emmett; entity_types=Person; calendar_status=current_events; review_confidence=high; evidence=https://rikemmett.com/
https://riorchestra.org/,,,,,0,Discovered via MusicBrainz official-homepage review v2; candidates=MBURL2237; musicbrainz_ids=a1a5a180-5009-425e-8855-0f242470f6a9; entities=Rachmaninoff International Orchestra; entity_types=Orchestra; calendar_status=current_events; review_confidence=high; evidence=https://www.riorchestra.org/concerts
https://robertcohen.info/,,,,,0,Discovered via MusicBrainz official-homepage review v2; candidates=MBURL2243; musicbrainz_ids=f52321b7-4c07-4dbc-9559-364e3f551f19; entities=Robert Cohen; entity_types=Person; calendar_status=current_events; review_confidence=high; evidence=https://www.robertcohen.info/sitemap.xml
https://robertopaternostro.com/,,,,,0,Discovered via MusicBrainz official-homepage review v2; candidates=MBURL2250; musicbrainz_ids=914377a7-9345-4b2f-a172-26978bbf4177; entities=Roberto Paternostro; entity_types=Person; calendar_status=current_events; review_confidence=high; evidence=http://www.robertopaternostro.com/de/aktuelles/
https://robertoprosseda.com/,,,,,0,Discovered via MusicBrainz official-homepage review v2; candidates=MBURL2251; musicbrainz_ids=0b2462f4-f8a5-4db6-bd5f-fa9865485466; entities=Roberto Prosseda; entity_types=Person; calendar_status=current_events; review_confidence=high; evidence=https://www.robertoprosseda.com/calendario
https://rodgilfry.com/,,,,,0,Discovered via MusicBrainz official-homepage review v2; candidates=MBURL2256; musicbrainz_ids=9630faba-2495-4079-95e6-e8a1fdca3627; entities=Rod Gilfry; entity_types=Person; calendar_status=current_events; review_confidence=high; evidence=http://www.rodgilfry.com/calendar-of-events
https://rodrigo-rodriguez.info/,,,,,0,Discovered via MusicBrainz official-homepage review v2; candidates=MBURL2257; musicbrainz_ids=4bcf2e2a-4bb0-4851-9974-75c1247a8455; entities=Rodrigo Rodriguez; entity_types=Person; calendar_status=current_events; review_confidence=high; evidence=https://rodrigo-rodriguez.info/wp-content/uploads/2020/07/rodrigoconcerts-scaled.jpg
https://rodrigoleao.pt/,,,,,0,Discovered via MusicBrainz official-homepage review v2; candidates=MBURL2258; musicbrainz_ids=f3df0b46-d21a-4230-9a94-4082e8d6860b; entities=Rodrigo Leão; entity_types=Person; calendar_status=current_events; review_confidence=high; evidence=https://www.rodrigoleao.pt/agenda/
https://rolandovillazon.com/,,,,,0,Discovered via MusicBrainz official-homepage review v2; candidates=MBURL2265; musicbrainz_ids=74e9b4e0-cee6-4959-a535-ec5d07d14c36; entities=Rolando Villazón; entity_types=Person; calendar_status=current_events; review_confidence=high; evidence=
https://ronaldbrautigam.com/,,,,,0,Discovered via MusicBrainz official-homepage review v2; candidates=MBURL2270; musicbrainz_ids=c9ecbd32-774e-47f7-92e0-d660418f3c21; entities=Ronald Brautigam; entity_types=Person; calendar_status=current_events; review_confidence=high; evidence=https://www.ronaldbrautigam.com/concerts.php
https://ronantynan.net/,,,,,0,Discovered via MusicBrainz official-homepage review v2; candidates=MBURL2272; musicbrainz_ids=3e7e5098-bdb0-41ce-a54b-5ac613b03f4d; entities=Ronan Tynan; entity_types=Person; calendar_status=current_events; review_confidence=high; evidence=https://ronantynan.net/the-irish-tenors-at-louisville-memorial-auditorium-wednesday-march-18-2020-accompanied-by-the-creative-global-orchestra-and-singers-from-the-university-of-kentucky-opera-theatre/
https://rubengallardoacedo.com/en,,,,,0,Discovered via MusicBrainz official-homepage review v2; candidates=MBURL0746; musicbrainz_ids=68c7e70a-b92c-4224-9b49-f6556f4e8d9b; entities=Rubén Gallardo Acedo; entity_types=Person; calendar_status=current_events; review_confidence=high; evidence=https://www.rubengallardoacedo.com/en/post/sergio-mar%C3%ADn-captivates-audiences-at-caf%C3%A9-a-3-bandas-with-an-acoustic-concert-full-of-emotion-and-en
https://rwcc.com/,,,,,0,Discovered via MusicBrainz official-homepage review v2; candidates=MBURL2298; musicbrainz_ids=2ad06109-0a52-4b7b-8b7a-ca7c10baf597; entities=Rick Wakeman; entity_types=Person; calendar_status=current_events; review_confidence=high; evidence=https://rwcc.com/live.php#prev
https://ryan-mcadams.com/,,,,,0,Discovered via MusicBrainz official-homepage review v2; candidates=MBURL2299; musicbrainz_ids=cef09220-cde4-411f-a648-a1d8e4e1c40e; entities=Ryan McAdams; entity_types=Person; calendar_status=current_events; review_confidence=high; evidence=https://www.ryan-mcadams.com/calendar
https://samijunnonen.com/,,,,,0,Discovered via MusicBrainz official-homepage review v2; candidates=MBURL2316; musicbrainz_ids=70652d48-1589-411a-ac0c-e9851a5720f3; entities=Sami Junnonen; entity_types=Person; calendar_status=current_events; review_confidence=high; evidence=https://www.samijunnonen.com/past-events
https://samiseif.com/,,,,,0,Discovered via MusicBrainz official-homepage review v2; candidates=MBURL2317; musicbrainz_ids=3c5e0c44-d869-4c81-a31d-a2927a401327; entities=Sami Seif; entity_types=Person; calendar_status=current_events; review_confidence=high; evidence=https://www.samiseif.com/events/
https://samuelboden.com/,,,,,0,Discovered via MusicBrainz official-homepage review v2; candidates=MBURL2321; musicbrainz_ids=7d3b68bf-1ab5-4fa0-8fe4-4fbefd3078a6; entities=Sam Boden; entity_types=Person; calendar_status=current_events; review_confidence=high; evidence=https://www.samuelboden.com/bach-st-matthew-passion-concert/
https://samuelramey.com/,,,,,0,Discovered via MusicBrainz official-homepage review v2; candidates=MBURL2324; musicbrainz_ids=60bf649b-abb0-4588-b204-4d8cdbcbf6a2; entities=Samuel Ramey; entity_types=Person; calendar_status=current_events; review_confidence=high; evidence=https://www.samuelramey.com/boosting-performance-with-laravel-power-joins/
https://sanathkumarnaibhi.com/,,,,,0,"Discovered via MusicBrainz official-homepage review v2; candidates=MBURL2325; musicbrainz_ids=a02e4bcb-b530-4daa-8c60-20978269ebea; entities=Sanath Kumar Naibhi; entity_types=Person; calendar_status=current_events; review_confidence=high; evidence=https://sanathkumarnaibhi.com/carnatic-studios/#:~:text=your%20concert%20date!-,Music%20Production,-Everything%20from%20recording"
https://sanchez-verdu.com/,,,,,0,Discovered via MusicBrainz official-homepage review v2; candidates=MBURL2326; musicbrainz_ids=2fbf693b-4924-43e5-918e-c6dba3f6d62a; entities=José María Sánchez-Verdú; entity_types=Person; calendar_status=current_events; review_confidence=high; evidence=https://sanchez-verdu.com/last-concerts-2002-2013/
https://sandrinepiau.com/,,,,,0,Discovered via MusicBrainz official-homepage review v2; candidates=MBURL2329; musicbrainz_ids=8edb9f7e-7a63-452f-aa96-1e7f4b3bb8c2; entities=Sandrine Piau; entity_types=Person; calendar_status=current_events; review_confidence=high; evidence=https://www.sandrinepiau.com/agenda
https://sarahbrightman.com/,,,,,0,Discovered via MusicBrainz official-homepage review v2; candidates=MBURL2333; musicbrainz_ids=896f0194-8ab2-4278-81e0-c56a0444b569; entities=Sarah Brightman; entity_types=Person; calendar_status=current_events; review_confidence=high; evidence=https://sarahbrightman.com/tours/past-tours-events/
https://sarahtysman.com/,,,,,0,Discovered via MusicBrainz official-homepage review v2; candidates=MBURL2337; musicbrainz_ids=c1ba2b66-cb5d-453d-94f2-26a6f3fd3ea1; entities=Sarah Tysman; entity_types=Person; calendar_status=current_events; review_confidence=high; evidence=
https://sarasmiseth.com/,,,,,0,Discovered via MusicBrainz official-homepage review v2; candidates=MBURL2338; musicbrainz_ids=3c97a030-420b-4da5-a3e5-fdd7788a02df; entities=Sara Aimée Smiseth; entity_types=Person; calendar_status=current_events; review_confidence=high; evidence=https://sarasmiseth.com/events/sandefjord-kirke-formodre/
https://schliessmann.com/,,,,,0,Discovered via MusicBrainz official-homepage review v2; candidates=MBURL2345; musicbrainz_ids=172ad430-1235-4903-86cd-87fdcd251eb0; entities=Burkard Schliessmann; entity_types=Person; calendar_status=current_events; review_confidence=high; evidence=https://www.schliessmann.com/calendar.htm
https://sdjsymfoni.dk/,,,,,0,Discovered via MusicBrainz official-homepage review v2; candidates=MBURL2356; musicbrainz_ids=c6974332-a214-43f9-80ca-43d7e239c432; entities=Sønderjyllands Symfoniorkester; entity_types=Orchestra; calendar_status=current_events; review_confidence=high; evidence=https://sdjsymfoni.dk/program/
https://semyonbychkov.com/,,,,,0,Discovered via MusicBrainz official-homepage review v2; candidates=MBURL2365; musicbrainz_ids=6badf867-cc3f-4fae-a6e7-9156e1769dc2; entities=Семён Бычков; entity_types=Person; calendar_status=current_events; review_confidence=high; evidence=https://semyonbychkov.com/schedule/
https://seongjin-cho.com/,,,,,0,Discovered via MusicBrainz official-homepage review v2; candidates=MBURL2366; musicbrainz_ids=d35d8663-ca77-4d24-ae9b-bb7ab49c7245; entities=Seong‐Jin Cho; entity_types=Person; calendar_status=current_events; review_confidence=high; evidence=https://seongjin-cho.com/performances/
https://sevangharibian.net/,,,,,0,Discovered via MusicBrainz official-homepage review v2; candidates=MBURL2372; musicbrainz_ids=e387f4f0-7b4a-4f77-98b4-4e93406754b3; entities=Sevan Gharibian; entity_types=Person; calendar_status=current_events; review_confidence=high; evidence=https://sevangharibian.net/#calendar
https://sharadashashidhar.com/,,,,,0,Discovered via MusicBrainz official-homepage review v2; candidates=MBURL2382; musicbrainz_ids=682396cb-11dc-4c93-a359-163e1410dbd4; entities=Sharada Shashidhar; entity_types=Person; calendar_status=current_events; review_confidence=high; evidence=https://www.sharadashashidhar.com/events
https://siavash.us/,,,,,0,Discovered via MusicBrainz official-homepage review v2; candidates=MBURL2401; musicbrainz_ids=c0d0eb40-2959-4770-8202-b3358852a570; entities=Siavash Shahsavari; entity_types=Person; calendar_status=current_events; review_confidence=high; evidence=https://siavash.us/Events/
https://sibyllarubens.de/,,,,,0,Discovered via MusicBrainz official-homepage review v2; candidates=MBURL2403; musicbrainz_ids=f27e6800-fd1f-401e-9e9f-c286ae78c9e1; entities=Sibylla Rubens; entity_types=Person; calendar_status=current_events; review_confidence=high; evidence=
https://simon-hoefele.de/,,,,,0,Discovered via MusicBrainz official-homepage review v2; candidates=MBURL2408; musicbrainz_ids=c426b756-5d1b-4c38-8421-044287a6ad4c; entities=Simon Höfele; entity_types=Person; calendar_status=current_events; review_confidence=high; evidence=https://www.simon-hoefele.de/#calendar
https://simonelamsma.com/,,,,,0,Discovered via MusicBrainz official-homepage review v2; candidates=MBURL2409; musicbrainz_ids=2742f5cc-c316-4793-9f78-b1a34b493e4b; entities=Simone Lamsma; entity_types=Person; calendar_status=current_events; review_confidence=high; evidence=https://simonelamsma.com/concerts/
https://simonlepper.com/,,,,,0,Discovered via MusicBrainz official-homepage review v2; candidates=MBURL2410; musicbrainz_ids=1ef173c0-887f-4fb9-a877-9c37c2949a5c; entities=Simon Lepper; entity_types=Person; calendar_status=current_events; review_confidence=high; evidence=https://www.simonlepper.com/schedule
https://simonmulligan.com/,,,,,0,Discovered via MusicBrainz official-homepage review v2; candidates=MBURL2411; musicbrainz_ids=1c28ee5f-83ae-4d62-b4f7-7b1210c9905c; entities=Simon Mulligan; entity_types=Person; calendar_status=current_events; review_confidence=high; evidence=http://www.simonmulligan.com/schedule
https://simplythreemusic.com/,,,,,0,Discovered via MusicBrainz official-homepage review v2; candidates=MBURL2414; musicbrainz_ids=982d0f5a-620f-43a5-a1f7-8d07a933835f; entities=Simply Three; entity_types=Group; calendar_status=current_events; review_confidence=high; evidence=https://simplythreemusic.com/#tour-dates
https://sisselmusic.com/,,,,,0,Discovered via MusicBrainz official-homepage review v2; candidates=MBURL2426; musicbrainz_ids=bb8352e9-bf92-4638-8b36-f5847179a9e7; entities=Sissel; entity_types=Person; calendar_status=current_events; review_confidence=high; evidence=https://sisselmusic.com/category/live-performances/
https://sjcchoir.co.uk/,,,,,0,"Discovered via MusicBrainz official-homepage review v2; candidates=MBURL2431; musicbrainz_ids=993c0cbf-7708-40fb-b7c2-1d6a2e4b8790; entities=Choir of St John’s College, Cambridge; entity_types=Choir; calendar_status=current_events; review_confidence=high; evidence=https://www.sjcchoir.co.uk/events/"
https://sockpuppet.band/,,,,,0,Discovered via MusicBrainz official-homepage review v2; candidates=MBURL2444; musicbrainz_ids=5b7bea49-746f-4b55-a2d9-00c4d30f4618; entities=Sockpuppet; entity_types=Group; calendar_status=current_events; review_confidence=high; evidence=https://sockpuppet.band/live/1945-Full-Moon-Festival
https://sofianepamart.com/,,,,,0,Discovered via MusicBrainz official-homepage review v2; candidates=MBURL2447; musicbrainz_ids=04896676-1b8f-4457-9fa6-458c346bc1ae; entities=Sofiane Pamart; entity_types=Person; calendar_status=current_events; review_confidence=high; evidence=https://www.sofianepamart.com/pages/tour
https://soltango.com/,,,,,0,Discovered via MusicBrainz official-homepage review v2; candidates=MBURL2455; musicbrainz_ids=8570c125-fcd1-45b2-bc54-bbb15f1ac83a; entities=Cuarteto SolTango; entity_types=Group; calendar_status=current_events; review_confidence=high; evidence=https://soltango.com/concerts/
https://sophia-munoz.com/,,,,,0,Discovered via MusicBrainz official-homepage review v2; candidates=MBURL2460; musicbrainz_ids=97d113bc-6bfc-4523-99bb-0b8789cb5628; entities=Sophia Muñoz; entity_types=Person; calendar_status=current_events; review_confidence=high; evidence=https://www.sophia-munoz.com/schedule
https://sophiajaffe.com/,,,,,0,Discovered via MusicBrainz official-homepage review v2; candidates=MBURL2462; musicbrainz_ids=bbb97e98-3fc0-4717-b55b-0481e783192d; entities=Sophia Jaffé; entity_types=Person; calendar_status=current_events; review_confidence=high; evidence=https://www.sophiajaffe.com/kalender
https://sophiajani.com/,,,,,0,Discovered via MusicBrainz official-homepage review v2; candidates=MBURL2463; musicbrainz_ids=b436b16f-dc93-4a61-a6fb-80d01c706ffa; entities=Sophia Jani; entity_types=Person; calendar_status=current_events; review_confidence=high; evidence=
https://sophiehutchings.com/,,,,,0,Discovered via MusicBrainz official-homepage review v2; candidates=MBURL2465; musicbrainz_ids=67ebbe4e-8c36-48ac-9660-e184136ecc50; entities=Sophie Hutchings; entity_types=Person; calendar_status=current_events; review_confidence=high; evidence=https://www.sophiehutchings.com/2026/on-tour
https://stephanmoccio.com/,,,,,0,Discovered via MusicBrainz official-homepage review v2; candidates=MBURL2494; musicbrainz_ids=dd03ca01-e54a-4960-b1d0-5e7d7f0181e4; entities=Stephan Moccio; entity_types=Person; calendar_status=current_events; review_confidence=high; evidence=https://www.stephanmoccio.com/tour/
https://stephenhough.com/,,,,,0,Discovered via MusicBrainz official-homepage review v2; candidates=MBURL2496; musicbrainz_ids=fd7e7a8f-38b4-4c6a-964f-3c9ed53a898e; entities=Stephen Hough; entity_types=Person; calendar_status=current_events; review_confidence=high; evidence=https://stephenhough.com/performances
https://stevenmoeckel.com/,,,,,0,Discovered via MusicBrainz official-homepage review v2; candidates=MBURL2505; musicbrainz_ids=87aeb8af-3ef5-4328-9596-2bb7a7b84518; entities=Steven Mockel; entity_types=Person; calendar_status=current_events; review_confidence=high; evidence=https://www.stevenmoeckel.com/full-reviews
https://stewartgoodyearpiano.com/,,,,,0,Discovered via MusicBrainz official-homepage review v2; candidates=MBURL2508; musicbrainz_ids=902209b8-ea1c-4806-a84e-9094fe728fc0; entities=Stewart Goodyear; entity_types=Person; calendar_status=current_events; review_confidence=high; evidence=https://www.stewartgoodyearpiano.com/appearances
https://susannamalkki.com/,,,,,0,Discovered via MusicBrainz official-homepage review v2; candidates=MBURL2532; musicbrainz_ids=e4ea3d44-93dc-498f-86d9-624fd7d0143a; entities=Susanna Mälkki; entity_types=Person; calendar_status=current_events; review_confidence=high; evidence=
https://susantomes.com/,,,,,0,Discovered via MusicBrainz official-homepage review v2; candidates=MBURL2534; musicbrainz_ids=1112d2ee-c089-402b-b6da-97b3e130fdf1; entities=Susan Tomes; entity_types=Person; calendar_status=current_events; review_confidence=high; evidence=https://www.susantomes.com/concerts-events/
https://suzieleblanc.com/fr,,,,,0,Discovered via MusicBrainz official-homepage review v2; candidates=MBURL2535; musicbrainz_ids=c34eb2f0-56f0-441c-a296-6577cd94fc8a; entities=Suzie LeBlanc; entity_types=Person; calendar_status=current_events; review_confidence=high; evidence=https://suzieleblanc.com/fr/concerts/saison-2025-2026
https://sylvaincambreling.com/,,,,,0,Discovered via MusicBrainz official-homepage review v2; candidates=MBURL2541; musicbrainz_ids=debb88fc-ff61-4e4c-82b3-3fdd5fab7bd4; entities=Sylvain Cambreling; entity_types=Person; calendar_status=current_events; review_confidence=high; evidence=https://www.sylvaincambreling.com/calendar
https://symphonynovascotia.ca/,,,,,0,Discovered via MusicBrainz official-homepage review v2; candidates=MBURL2544; musicbrainz_ids=adcf40ed-8d95-4ad4-8649-22dfc13d08c9; entities=Symphony Nova Scotia; entity_types=Orchestra; calendar_status=current_events; review_confidence=high; evidence=https://symphonynovascotia.ca/concerts-and-tickets/concerts/
https://tansydavies.com/,,,,,0,Discovered via MusicBrainz official-homepage review v2; candidates=MBURL2560; musicbrainz_ids=6da13f9f-6bb5-4681-a745-7c60cfef5e04; entities=Tansy Davies; entity_types=Person; calendar_status=current_events; review_confidence=high; evidence=https://tansydavies.com/performances/
https://tareq-nazmi.com/,,,,,0,Discovered via MusicBrainz official-homepage review v2; candidates=MBURL2564; musicbrainz_ids=5a495ba9-ef70-476f-855f-ca8691d83e86; entities=Tareq Nazmi; entity_types=Person; calendar_status=current_events; review_confidence=high; evidence=https://tareq-nazmi.com/#termine
https://tasminlittle.net/,,,,,0,Discovered via MusicBrainz official-homepage review v2; candidates=MBURL2566; musicbrainz_ids=e24be060-b525-4502-bd5b-e3ae8ab39c63; entities=Tasmin Little; entity_types=Person; calendar_status=current_events; review_confidence=high; evidence=https://tasminlittle.net/personal-performance-tracking-becoming-silent-motivation/
https://teodor-currentzis.com/,,,,,0,Discovered via MusicBrainz official-homepage review v2; candidates=MBURL2575; musicbrainz_ids=a68eae98-e3b3-422f-9c51-932fd1032c0d; entities=Teodor Currentzis; entity_types=Person; calendar_status=current_events; review_confidence=high; evidence=https://www.teodor-currentzis.com/index.php/concerts/
https://teresawakim.com/,,,,,0,Discovered via MusicBrainz official-homepage review v2; candidates=MBURL2581; musicbrainz_ids=a0e9a1d8-e615-4975-be64-6eb63b427d7e; entities=Teresa Wakim; entity_types=Person; calendar_status=current_events; review_confidence=high; evidence=https://www.teresawakim.com/calendar
https://theatreofvoices.com/,,,,,0,Discovered via MusicBrainz official-homepage review v2; candidates=MBURL2594; musicbrainz_ids=8e2463db-76fa-4379-a3fd-544b2002765d; entities=Theatre of Voices; entity_types=Group; calendar_status=current_events; review_confidence=high; evidence=https://theatreofvoices.com/events
https://thedarktenor.com/,,,,,0,Discovered via MusicBrainz official-homepage review v2; candidates=MBURL2597; musicbrainz_ids=2c048a8d-5e7d-45fc-9fcf-b6f43f1e5f63; entities=The Dark Tenor; entity_types=Person; calendar_status=current_events; review_confidence=high; evidence=https://www.thedarktenor.com/collections/tour
https://therealphilgold.com/,,,,,0,Discovered via MusicBrainz official-homepage review v2; candidates=MBURL2611; musicbrainz_ids=4343d4fc-7470-4b44-9c14-6e6939c39506; entities=Phil Gold; entity_types=Person; calendar_status=current_events; review_confidence=high; evidence=https://therealphilgold.com/
https://thomasdausgaard.com/,,,,,0,Discovered via MusicBrainz official-homepage review v2; candidates=MBURL2622; musicbrainz_ids=25ddcee5-ed5b-42bb-a0a2-9a4937b2c432; entities=Thomas Dausgaard; entity_types=Person; calendar_status=current_events; review_confidence=high; evidence=
https://thomashampson.com/,,,,,0,Discovered via MusicBrainz official-homepage review v2; candidates=MBURL2623; musicbrainz_ids=5e70a068-c605-4ace-894b-66cb3fbf0666; entities=Thomas Hampson; entity_types=Person; calendar_status=current_events; review_confidence=high; evidence=https://thomashampson.com/schedule/
https://tillfellner.com/,,,,,0,Discovered via MusicBrainz official-homepage review v2; candidates=MBURL2631; musicbrainz_ids=2a9b8d25-8fd8-44e8-b95e-c7bc61f64d4b; entities=Till Fellner; entity_types=Person; calendar_status=current_events; review_confidence=high; evidence=https://tillfellner.com/termine/
https://timothyridout.com/,,,,,0,Discovered via MusicBrainz official-homepage review v2; candidates=MBURL2636; musicbrainz_ids=bcab6549-9cc7-4c97-8a2f-3db40879d8fe; entities=Timothy Ridout; entity_types=Person; calendar_status=current_events; review_confidence=high; evidence=https://www.timothyridout.com/concerts
https://timreynolds.com/,,,,,0,Discovered via MusicBrainz official-homepage review v2; candidates=MBURL2637; musicbrainz_ids=4ebefe60-3a9b-42a6-a5c5-27b85b76583f; entities=Tim Reynolds; entity_types=Person; calendar_status=current_events; review_confidence=high; evidence=https://www.timreynolds.com/tour/
https://tinaguo.com/,,,,,0,Discovered via MusicBrainz official-homepage review v2; candidates=MBURL2638; musicbrainz_ids=aa25c007-44de-4f52-96f4-3e602c740d24; entities=Tina Guo; entity_types=Person; calendar_status=current_events; review_confidence=high; evidence=https://tinaguo.com/tour
https://tomassvoboda.com/,,,,,0,Discovered via MusicBrainz official-homepage review v2; candidates=MBURL2648; musicbrainz_ids=b7833227-93a6-4041-9ffa-afb8fd798dfc; entities=Tomáš Svoboda; entity_types=Person; calendar_status=current_events; review_confidence=high; evidence=http://www.tomassvoboda.com/op148.main.html
https://tomiraisanen.com/,,,,,0,Discovered via MusicBrainz official-homepage review v2; candidates=MBURL2649; musicbrainz_ids=94287d2f-068a-453c-bdd9-68f59b51f5ca; entities=Tomi Räisänen; entity_types=Person; calendar_status=current_events; review_confidence=high; evidence=
https://totisoler.com/,,,,,0,Discovered via MusicBrainz official-homepage review v2; candidates=MBURL2661; musicbrainz_ids=63166874-1bab-4226-97c2-bbed48589de0; entities=Toti Soler; entity_types=Person; calendar_status=current_events; review_confidence=high; evidence=https://www.totisoler.com/agenda/
https://tracysilverman.com/,,,,,0,Discovered via MusicBrainz official-homepage review v2; candidates=MBURL2663; musicbrainz_ids=a95f8957-f191-4e7c-af10-0a12467396ba; entities=Tracy Silverman; entity_types=Person; calendar_status=current_events; review_confidence=high; evidence=https://www.tracysilverman.com/calendar
https://trpceski.com/,,,,,0,Discovered via MusicBrainz official-homepage review v2; candidates=MBURL2672; musicbrainz_ids=c6ff94ae-9f00-422f-8451-99f47f3ab68a; entities=Симон Трпчески; entity_types=Person; calendar_status=current_events; review_confidence=high; evidence=https://trpceski.com/performances
https://tyshawnsorey.com/,,,,,0,Discovered via MusicBrainz official-homepage review v2; candidates=MBURL2682; musicbrainz_ids=25bb66e5-5010-44de-ac1f-7c431e124eeb; entities=Tyshawn Sorey; entity_types=Person; calendar_status=current_events; review_confidence=high; evidence=https://www.tyshawnsorey.com/events-1
https://tzimonbarto.com/,,,,,0,Discovered via MusicBrainz official-homepage review v2; candidates=MBURL2683; musicbrainz_ids=6e6f0232-89b3-4972-8a10-0a2630fe81de; entities=Tzimon Barto; entity_types=Person; calendar_status=current_events; review_confidence=high; evidence=https://tzimonbarto.com/concerts/
https://universal-music.co.jp/bond/,,,,,0,"Discovered via MusicBrainz official-homepage review v2; candidates=MBURL2690,MBURL2692; musicbrainz_ids=44c64a30-1d58-49c5-b314-6e02fba49526,c16a2424-6f7b-4538-a547-0cef5add7056; entities=BOND | 久石譲; entity_types=Group,Person; calendar_status=current_events; review_confidence=high; evidence=https://www.universal-music.co.jp/"
https://uricaine.com/,,,,,0,Discovered via MusicBrainz official-homepage review v2; candidates=MBURL2695; musicbrainz_ids=75f0db0e-12c5-4c86-be14-5b87008a7967; entities=Uri Caine; entity_types=Person; calendar_status=current_events; review_confidence=high; evidence=https://www.uricaine.com/concerts
https://valeriemilot.com/,,,,,0,Discovered via MusicBrainz official-homepage review v2; candidates=MBURL2708; musicbrainz_ids=d32125d4-1867-473b-b126-6f81d6ab640a; entities=Valérie Milot; entity_types=Person; calendar_status=current_events; review_confidence=high; evidence=https://valeriemilot.com/on-tour/
https://vanessawagner.net/,,,,,0,Discovered via MusicBrainz official-homepage review v2; candidates=MBURL2713; musicbrainz_ids=650bcc6c-61df-4136-a614-64caba859f9e; entities=Vanessa Wagner; entity_types=Person; calendar_status=current_events; review_confidence=high; evidence=https://vanessawagner.net/concerts
https://videogameslive.com/,,,,,0,Discovered via MusicBrainz official-homepage review v2; candidates=MBURL2727; musicbrainz_ids=7a086904-2524-4b6b-88ea-2940768aeb90; entities=Video Games Live; entity_types=Orchestra; calendar_status=current_events; review_confidence=high; evidence=https://www.videogameslive.com/tour-dates/
https://vijay-venkatesh.com/,,,,,0,Discovered via MusicBrainz official-homepage review v2; candidates=MBURL2729; musicbrainz_ids=618803fa-169a-40d9-90d6-db2223c51adc; entities=Vijay Venkatesh; entity_types=Person; calendar_status=current_events; review_confidence=high; evidence=https://www.vijay-venkatesh.com/schedule
https://vikingurolafsson.com/,,,,,0,Discovered via MusicBrainz official-homepage review v2; candidates=MBURL2730; musicbrainz_ids=cea4a3b8-c26c-4b61-a243-cf72555e2c71; entities=Víkingur Ólafsson; entity_types=Person; calendar_status=current_events; review_confidence=high; evidence=https://www.vikingurolafsson.com/events/2026-08-21-vikingur-olafsson-norwegian-opera-ballet-1162484
https://viktoriamullova.com/,,,,,0,Discovered via MusicBrainz official-homepage review v2; candidates=MBURL2731; musicbrainz_ids=02bd2dff-f337-4788-9e75-0eb6beb932ac; entities=Виктория Муллова; entity_types=Person; calendar_status=current_events; review_confidence=high; evidence=https://viktoriamullova.com/concerts/
https://vildefrang.com/,,,,,0,Discovered via MusicBrainz official-homepage review v2; candidates=MBURL2732; musicbrainz_ids=79bf9915-6328-4813-8ecb-d7fec7da0272; entities=Vilde Frang; entity_types=Person; calendar_status=current_events; review_confidence=high; evidence=https://www.vildefrang.com/concerts
https://virginiaastley.com/,,,,,0,Discovered via MusicBrainz official-homepage review v2; candidates=MBURL2739; musicbrainz_ids=481320f8-fa5d-4a66-aab7-c69541417466; entities=Virginia Astley; entity_types=Person; calendar_status=current_events; review_confidence=high; evidence=https://www.virginiaastley.com/virginia-astley-at-sea-change-festival/
https://vivatrio.com/,,,,,0,Discovered via MusicBrainz official-homepage review v2; candidates=MBURL2743; musicbrainz_ids=d75e6093-d1cf-48e0-9395-45a11aae21c9; entities=ViVA Trio; entity_types=Group; calendar_status=current_events; review_confidence=high; evidence=https://www.vivatrio.com/
https://vollenweider.com/,,,,,0,Discovered via MusicBrainz official-homepage review v2; candidates=MBURL2755; musicbrainz_ids=6438bd71-ddc1-4619-a383-20d28ee55b43; entities=Andreas Vollenweider; entity_types=Person; calendar_status=current_events; review_confidence=high; evidence=https://www.vollenweider.com/concerts/live
https://wayneoquin.com/,,,,,0,Discovered via MusicBrainz official-homepage review v2; candidates=MBURL2764; musicbrainz_ids=4978adf7-32f9-4f16-8c3d-3c145fb4a4f3; entities=Wayne Oquin; entity_types=Person; calendar_status=current_events; review_confidence=high; evidence=https://wayneoquin.com/tour-past-performances/
https://wilsonbassoon.com/,,,,,0,Discovered via MusicBrainz official-homepage review v2; candidates=MBURL2789; musicbrainz_ids=0dc8d1d2-e7ba-49c2-89ad-ba248e6a03d4; entities=Jacqueline Wilson; entity_types=Person; calendar_status=current_events; review_confidence=high; evidence=https://www.wilsonbassoon.com/events
https://wimhenderickx.com/,,,,,0,Discovered via MusicBrainz official-homepage review v2; candidates=MBURL2790; musicbrainz_ids=68b3b843-cb11-47c3-9cde-b793f70521ab; entities=Wim Henderickx; entity_types=Person; calendar_status=current_events; review_confidence=high; evidence=https://wimhenderickx.com/agenda
https://wumanpipa.org/,,,,,0,Discovered via MusicBrainz official-homepage review v2; candidates=MBURL2804; musicbrainz_ids=58c2f02f-8093-426f-9515-b509b45ce8fd; entities=Wu Man; entity_types=Person; calendar_status=current_events; review_confidence=high; evidence=https://wumanpipa.org/calendar/index.html
https://wyntonmarsalis.org/,,,,,0,Discovered via MusicBrainz official-homepage review v2; candidates=MBURL2807; musicbrainz_ids=0d74dcc7-5684-4695-830f-a9846aad8ba9; entities=Wynton Marsalis; entity_types=Person; calendar_status=current_events; review_confidence=high; evidence=https://wyntonmarsalis.org/tour/upcoming
https://xuefeiyang.com/,,,,,0,Discovered via MusicBrainz official-homepage review v2; candidates=MBURL2811; musicbrainz_ids=81f4b8e1-8fd1-47b0-9e8a-e67a05f4f94b; entities=Xuefei Yang; entity_types=Person; calendar_status=current_events; review_confidence=high; evidence=
https://yannicknezetseguin.com/fr/,,,,,0,Discovered via MusicBrainz official-homepage review v2; candidates=MBURL2813; musicbrainz_ids=84c4f3ea-1897-4649-befb-ccbc013910ed; entities=Yannick Nézet‐Séguin; entity_types=Person; calendar_status=current_events; review_confidence=high; evidence=https://yannicknezetseguin.com/fr/discographie/#disco-sommernachtskonzert-2023-summer-night-concert-2023
https://yasushiyoshidamusic.com/,,,,,0,Discovered via MusicBrainz official-homepage review v2; candidates=MBURL2816; musicbrainz_ids=c5b13da1-e20a-40b2-ab1d-b86e09772e7a; entities=吉田靖; entity_types=Person; calendar_status=current_events; review_confidence=high; evidence=http://yasushiyoshidamusic.com/category/live/
https://yeoleumson.com/,,,,,0,Discovered via MusicBrainz official-homepage review v2; candidates=MBURL2819; musicbrainz_ids=101be554-eae4-49c5-b482-3580e7652bff; entities=손열음; entity_types=Person; calendar_status=current_events; review_confidence=high; evidence=http://www.yeoleumson.com/concerts/
https://yiorgoskaloudismusic.com/,,,,,0,Discovered via MusicBrainz official-homepage review v2; candidates=MBURL2820; musicbrainz_ids=c5f66a34-c12c-44c8-9492-e213014f2dda; entities=Yiorgos Kaloudis; entity_types=Person; calendar_status=current_events; review_confidence=high; evidence=https://www.yiorgoskaloudismusic.com/tour-dates
https://yiruma.com/,,,,,0,Discovered via MusicBrainz official-homepage review v2; candidates=MBURL2821; musicbrainz_ids=841db5c8-7072-4b89-9bdb-0a0bd0e9d357; entities=Yiruma; entity_types=Person; calendar_status=current_events; review_confidence=high; evidence=https://yiruma.com/post-perfo/yiruma-encore-concert-in-singapore-2018/
https://yoyositar.com/,,,,,0,Discovered via MusicBrainz official-homepage review v2; candidates=MBURL2833; musicbrainz_ids=5ff501b1-8b87-4639-9586-707ed6a35820; entities=YoYo Sitar; entity_types=Person; calendar_status=current_events; review_confidence=high; evidence=https://yoyositar.com/
https://yunchanlimofficial.com/,,,,,0,Discovered via MusicBrainz official-homepage review v2; candidates=MBURL2838; musicbrainz_ids=6b62972a-f8f9-4fdc-9512-7404718a19c3; entities=Yunchan Lim; entity_types=Person; calendar_status=current_events; review_confidence=high; evidence=https://www.yunchanlimofficial.com/tour/
https://yusifeyvazov.com/,,,,,0,Discovered via MusicBrainz official-homepage review v2; candidates=MBURL2844; musicbrainz_ids=a83170d6-f1b4-4967-9da3-c8241e447573; entities=Yusif Eyvazov; entity_types=Person; calendar_status=current_events; review_confidence=high; evidence=
https://zoekeating.com/,,,,,0,Discovered via MusicBrainz official-homepage review v2; candidates=MBURL2858; musicbrainz_ids=0171668b-ba7a-4cef-8a28-22aa782dd56c; entities=Zoë Keating; entity_types=Person; calendar_status=current_events; review_confidence=high; evidence=https://www.zoekeating.com/perform.html
https://zsoltnagy.de/zsolt-nagy-concerts-2021/index.php,,,,,0,Discovered via MusicBrainz official-homepage review v2; candidates=MBURL2859; musicbrainz_ids=ee48b4b9-134b-4b14-bbbe-542f7aa46027; entities=Zsolt Nagy; entity_types=Person; calendar_status=current_events; review_confidence=high; evidence=
https://apo.am/,AM,,,crawlers/am/apo_am,0,Discovered via MusicBrainz official-homepage review v2; candidates=MBURL0194; musicbrainz_ids=49ee9267-e14c-4b3e-99ad-e70f19c1c75d; entities=Հայաստանի պետական ֆիլհարմոնիկ նվագախումբ; entity_types=Orchestra; calendar_status=current_events; review_confidence=high; evidence=https://apo.am/
https://chorusviennensis.at/,AT,,,crawlers/at/chorusviennensis_at,0,Discovered via MusicBrainz official-homepage review v2; candidates=MBURL0473; musicbrainz_ids=f697be33-b942-4a66-a78f-e33f5fdf6206; entities=Chorus Viennensis; entity_types=Choir; calendar_status=current_events; review_confidence=high; evidence=https://chorusviennensis.at/termine
https://aso.com.au/,AU,,,crawlers/au/aso_com_au,0,Discovered via MusicBrainz official-homepage review v2; candidates=MBURL0241; musicbrainz_ids=29dffb8e-db55-4d74-9c50-d06bcacfebef; entities=Adelaide Symphony Orchestra; entity_types=Orchestra; calendar_status=current_events; review_confidence=high; evidence=https://www.aso.com.au/concerts-tickets/whats-on/
https://deadcandance.com/,AU,,,crawlers/au/deadcandance_com,0,Discovered via MusicBrainz official-homepage review v2; candidates=MBURL0623; musicbrainz_ids=ccda046a-2674-4f7d-97e6-f23d6c156432; entities=Dead Can Dance; entity_types=Group; calendar_status=current_events; review_confidence=high; evidence=https://www.deadcandance.com/sitemap.xml
https://flindersquartet.com/,AU,,,crawlers/au/flindersquartet_com,0,Discovered via MusicBrainz official-homepage review v2; candidates=MBURL0865; musicbrainz_ids=af7b8a6e-2cec-46cb-9d2c-abd1836327bc; entities=Flinders Quartet; entity_types=Group; calendar_status=current_events; review_confidence=high; evidence=https://www.flindersquartet.com/whats-on
https://nationalorchestra.be/,BE,,,crawlers/be/nationalorchestra_be,0,Discovered via MusicBrainz official-homepage review v2; candidates=MBURL1884; musicbrainz_ids=dad46109-6ad6-4c61-a493-580049978b41; entities=Belgian National Orchestra; entity_types=Orchestra; calendar_status=current_events; review_confidence=high; evidence=
https://oxalys.be/nl,BE,,,crawlers/be/oxalys_be,0,Discovered via MusicBrainz official-homepage review v2; candidates=MBURL2033; musicbrainz_ids=5163c7e9-908c-4bd2-9e6c-227f2b41625f; entities=Oxalys; entity_types=Group; calendar_status=current_events; review_confidence=high; evidence=https://www.oxalys.be/nl/agenda
https://arcady.ca/,CA,,,crawlers/ca/arcady_ca,0,Discovered via MusicBrainz official-homepage review v2; candidates=MBURL0202; musicbrainz_ids=e6793206-2df0-4333-a0bf-ca541f6fee7c; entities=Arcady; entity_types=Group; calendar_status=current_events; review_confidence=high; evidence=https://arcady.ca/performances/
https://canadianelectronicensemble.com/,CA,,,crawlers/ca/canadianelectronicensemble_com,0,Discovered via MusicBrainz official-homepage review v2; candidates=MBURL0410; musicbrainz_ids=54013303-9ef4-47a4-97bd-85e02acfc196; entities=The Canadian Electronic Ensemble; entity_types=Group; calendar_status=current_events; review_confidence=high; evidence=https://www.canadianelectronicensemble.com/http:/www.canadianelectronicensemble.com/2023/cee-book-party-and-performance-october-19/
https://collectif9.ca/,CA,,,crawlers/ca/collectif9_ca,0,Discovered via MusicBrainz official-homepage review v2; candidates=MBURL0532; musicbrainz_ids=19f3a624-7163-47e8-ae18-4c7986332351; entities=collectif9; entity_types=Orchestra; calendar_status=current_events; review_confidence=high; evidence=https://www.collectif9.ca/calendrier
https://ensemble-batida.com/,CH,,,crawlers/ch/ensemble_batida_com,0,Discovered via MusicBrainz official-homepage review v2; candidates=MBURL0760; musicbrainz_ids=f4605ec9-2813-4412-9399-46583b25cd75; entities=Ensemble Batida; entity_types=Group; calendar_status=current_events; review_confidence=high; evidence=https://www.ensemble-batida.com/agenda/
https://kukuruzquartett.ch/,CH,,,crawlers/ch/kukuruzquartett_ch,0,Discovered via MusicBrainz official-homepage review v2; candidates=MBURL1494; musicbrainz_ids=06498fa5-e35a-4c67-87c5-69d40cb77691; entities=Kukuruz Quartet; entity_types=Group; calendar_status=current_events; review_confidence=high; evidence=
https://bennewitzquartet.com/,CZ,,,crawlers/cz/bennewitzquartet_com,0,Discovered via MusicBrainz official-homepage review v2; candidates=MBURL0321; musicbrainz_ids=efcea805-8371-4c30-82a4-b0ed2537d11f; entities=Bennewitz Quartet; entity_types=Group; calendar_status=current_events; review_confidence=high; evidence=https://www.bennewitzquartet.com/concerts
https://wihanquartet.co.uk/,CZ,,,crawlers/cz/wihanquartet_co_uk,0,Discovered via MusicBrainz official-homepage review v2; candidates=MBURL2782; musicbrainz_ids=920cbb84-0725-4b63-9850-0079f52dccc0; entities=Wihan Quartet; entity_types=Group; calendar_status=current_events; review_confidence=high; evidence=https://wihanquartet.co.uk/events/
https://barockwerk-hamburg.de/,DE,,,crawlers/de/barockwerk_hamburg_de,0,Discovered via MusicBrainz official-homepage review v2; candidates=MBURL0282; musicbrainz_ids=ca08819d-b467-4632-a1e3-137907c7c54b; entities=Barockwerk Hamburg; entity_types=Orchestra; calendar_status=current_events; review_confidence=high; evidence=https://www.barockwerk-hamburg.de/termine/
https://dso-berlin.de/de/,DE,,,crawlers/de/dso_berlin_de,0,Discovered via MusicBrainz official-homepage review v2; candidates=MBURL0674; musicbrainz_ids=5010b425-bf4e-41b1-93a7-f8729794558b; entities=Deutsches Symphonie‐Orchester Berlin; entity_types=Orchestra; calendar_status=current_events; review_confidence=high; evidence=https://www.dso-berlin.de/de/konzerte/formate/casual-concerts/
https://eklipse-music.com/,DE,,,crawlers/de/eklipse_music_com,0,Discovered via MusicBrainz official-homepage review v2; candidates=MBURL0701; musicbrainz_ids=ca1da7ce-7c94-4c7c-9f67-4cae148d4f37; entities=Eklipse; entity_types=Group; calendar_status=current_events; review_confidence=high; evidence=https://eklipse-music.com/events/liste/?eventDisplay=past
https://folkwang-kammerorchester.de/,DE,,,crawlers/de/folkwang_kammerorchester_de,0,Discovered via MusicBrainz official-homepage review v2; candidates=MBURL0872; musicbrainz_ids=7e10c5fc-5da2-414b-9c40-ea6aa5365d26; entities=Folkwang Kammerorchester Essen; entity_types=Orchestra; calendar_status=current_events; review_confidence=high; evidence=https://www.folkwang-kammerorchester.de/gastkonzerte-2026-2027/
https://hofer-symphoniker.de/,DE,,,crawlers/de/hofer_symphoniker_de,0,Discovered via MusicBrainz official-homepage review v2; candidates=MBURL1095; musicbrainz_ids=4f5b7156-f74b-4025-9e56-b0070f27c5a2; entities=Hofer Symphoniker; entity_types=Orchestra; calendar_status=current_events; review_confidence=high; evidence=https://www.hofer-symphoniker.de/konzerte-tickets-events/kartenservice/
https://koelnerakademie.de/,DE,,,crawlers/de/koelnerakademie_de,0,Discovered via MusicBrainz official-homepage review v2; candidates=MBURL1472; musicbrainz_ids=dabfaee3-92db-4448-ab99-ed6a68348557; entities=Die Kölner Akademie; entity_types=Orchestra; calendar_status=current_events; review_confidence=high; evidence=https://koelnerakademie.de/event/magdeburg-2026-03-15/
https://queenz-of-piano.de/,DE,,,crawlers/de/queenz_of_piano_de,0,Discovered via MusicBrainz official-homepage review v2; candidates=MBURL2168; musicbrainz_ids=2639ac66-b49a-45c6-bb08-c1ac811dbe3f; entities=Queenz of Piano; entity_types=Group; calendar_status=current_events; review_confidence=high; evidence=https://www.queenz-of-piano.de/live/
https://schillermusic.com/,DE,,,crawlers/de/schillermusic_com,0,Discovered via MusicBrainz official-homepage review v2; candidates=MBURL2344; musicbrainz_ids=75ebdfa0-4a8a-496a-a57f-e4bb93b14d4c; entities=Schiller; entity_types=Group; calendar_status=current_events; review_confidence=high; evidence=https://www.schillermusic.com/#page
https://staatskapelle-berlin.de/de/,DE,,,crawlers/de/staatskapelle_berlin_de,0,Discovered via MusicBrainz official-homepage review v2; candidates=MBURL2483; musicbrainz_ids=3b67833c-fd91-4387-90f5-d34ca131f886; entities=Staatskapelle Berlin; entity_types=Orchestra; calendar_status=current_events; review_confidence=high; evidence=https://www.staatskapelle-berlin.de/de/veranstaltungen/symphoniekonzert-i.27762/
https://stuttgarter-kantorei.de/start/index.html,DE,,,crawlers/de/stuttgarter_kantorei_de,0,Discovered via MusicBrainz official-homepage review v2; candidates=MBURL2518; musicbrainz_ids=ad1bcbc3-9a34-45f0-aa24-30dcc6773930; entities=Stuttgarter Kantorei; entity_types=Choir; calendar_status=current_events; review_confidence=high; evidence=https://www.stuttgarter-kantorei.de/start/index.html
https://uwagaquartett.de/,DE,,,crawlers/de/uwagaquartett_de,0,Discovered via MusicBrainz official-homepage review v2; candidates=MBURL2701; musicbrainz_ids=86ed0cca-f1af-4aaf-833b-dcf7e7095ed9; entities=Uwaga!; entity_types=Group; calendar_status=current_events; review_confidence=high; evidence=https://www.uwagaquartett.de/
https://wildes-holz.de/,DE,,,crawlers/de/wildes_holz_de,0,Discovered via MusicBrainz official-homepage review v2; candidates=MBURL2783; musicbrainz_ids=5d3411d0-b8d5-4621-8770-28d2d588b3bd; entities=Wildes Holz; entity_types=Group; calendar_status=current_events; review_confidence=high; evidence=http://www.wildes-holz.de/index.php?id=19
https://underholdningsorkester.dk/,DK,,,crawlers/dk/underholdningsorkester_dk,0,Discovered via MusicBrainz official-homepage review v2; candidates=MBURL2686; musicbrainz_ids=c072095c-85f5-482a-9840-710f5882fedc; entities=DR UnderholdningsOrkestret; entity_types=Orchestra; calendar_status=current_events; review_confidence=high; evidence=https://underholdningsorkester.dk/sep-festival/
https://rtve.es/orquesta-coro/,ES,,,crawlers/es/rtve_es,0,Discovered via MusicBrainz official-homepage review v2; candidates=MBURL2288; musicbrainz_ids=cc0b6db0-9a21-431f-8a9a-a52a9e4b00f9; entities=Orquesta Sinfónica de Radio Televisión Española; entity_types=Orchestra; calendar_status=current_events; review_confidence=high; evidence=http://www.rtve.es/orquesta-coro/?feed=http%3A%2F%2Fweb-varnish.irtve.rtve.int%2Fsvc-mod-calendario-google%2Faplicaciones%2Fmodules%2Fcalendario-google%2Funion-feeds-rss%2Fvarios-orquesta-2011%2FFeedsGoogleCalendar.xml&dia-mes-ano=1-6-2026&tipo=breve-adelante?feed=http%3A%2F%2Fweb-varnish.irtve.rtve.int%2Fsvc-mod-calendario-google%2Faplicaciones%2Fmodules%2Fcalendario-google%2Funion-feeds-rss%2Fvarios-orquesta-2011%2FFeedsGoogleCalendar.xml&dia-mes-ano=1-6-2026&tipo=breve-adelante
https://kamusquartet.com/,FI,,,crawlers/fi/kamusquartet_com,0,Discovered via MusicBrainz official-homepage review v2; candidates=MBURL1396; musicbrainz_ids=038c7d93-5b2d-4dfc-a6e9-73752a6e1075; entities=Kamus Quartet; entity_types=Group; calendar_status=current_events; review_confidence=high; evidence=https://www.kamusquartet.com/
https://knko.fi/,FI,,,crawlers/fi/knko_fi,0,Discovered via MusicBrainz official-homepage review v2; candidates=MBURL1466; musicbrainz_ids=8614fcb8-c973-4191-99cd-e353439442ff; entities=Kirkkonummen kamariorkesteri; entity_types=Orchestra; calendar_status=current_events; review_confidence=high; evidence=https://www.knko.fi/
https://les-sacqueboutiers.com/,FR,,,crawlers/fr/les_sacqueboutiers_com,0,Discovered via MusicBrainz official-homepage review v2; candidates=MBURL1560; musicbrainz_ids=7969b882-d0ba-4189-9c7b-dd57bba2fec1; entities=Les Sacqueboutiers; entity_types=Group; calendar_status=current_events; review_confidence=high; evidence=https://www.les-sacqueboutiers.com/fr/concerts
https://magoyond.com/,FR,,,crawlers/fr/magoyond_com,0,Discovered via MusicBrainz official-homepage review v2; candidates=MBURL1626; musicbrainz_ids=bd34771b-fce0-4820-89ee-0f03441d50a5; entities=MAGOYOND; entity_types=Group; calendar_status=current_events; review_confidence=high; evidence=https://www.magoyond.com/events/
https://orchestrelamoureux.com/,FR,,,crawlers/fr/orchestrelamoureux_com,0,Discovered via MusicBrainz official-homepage review v2; candidates=MBURL2006; musicbrainz_ids=bf099982-21ca-44e0-8255-61d0c6c89093; entities=Orchestre Lamoureux; entity_types=Orchestra; calendar_status=current_events; review_confidence=high; evidence=https://orchestrelamoureux.com/
https://ardittiquartet.com/,GB,,,crawlers/gb/ardittiquartet_com,0,Discovered via MusicBrainz official-homepage review v2; candidates=MBURL0205; musicbrainz_ids=f29493f6-3407-4a96-945b-cdd9642b6e33; entities=Arditti Quartet; entity_types=Group; calendar_status=current_events; review_confidence=high; evidence=https://ardittiquartet.com/arditti-quartet
https://bcmg.org.uk/,GB,,,crawlers/gb/bcmg_org_uk,0,Discovered via MusicBrainz official-homepage review v2; candidates=MBURL0301; musicbrainz_ids=0efc4296-6f77-47a5-9b19-07b7caef83c2; entities=Birmingham Contemporary Music Group; entity_types=Group; calendar_status=current_events; review_confidence=high; evidence=https://www.bcmg.org.uk/Pages/Events/Category/whats-on
https://bondquartet.com/,GB,,,crawlers/gb/bondquartet_com,0,Discovered via MusicBrainz official-homepage review v2; candidates=MBURL0357; musicbrainz_ids=c16a2424-6f7b-4538-a547-0cef5add7056; entities=BOND; entity_types=Group; calendar_status=current_events; review_confidence=high; evidence=https://www.bondquartet.com/
https://brookstreetband.co.uk/,GB,,,crawlers/gb/brookstreetband_co_uk,0,Discovered via MusicBrainz official-homepage review v2; candidates=MBURL0387; musicbrainz_ids=e7543406-5690-4078-9d0a-0a60997b8859; entities=The Brook Street Band; entity_types=Group; calendar_status=current_events; review_confidence=high; evidence=https://www.brookstreetband.co.uk/concert-archive/
https://clarecollegechoir.com/,GB,,,crawlers/gb/clarecollegechoir_com,0,"Discovered via MusicBrainz official-homepage review v2; candidates=MBURL0512; musicbrainz_ids=5fe7fae5-1ab1-490b-a872-e341dc60f3e9; entities=Choir of Clare College, Cambridge; entity_types=Choir; calendar_status=current_events; review_confidence=high; evidence=https://www.clarecollegechoir.com/performances"
https://englishconcert.co.uk/,GB,,,crawlers/gb/englishconcert_co_uk,0,Discovered via MusicBrainz official-homepage review v2; candidates=MBURL0751; musicbrainz_ids=8af55e27-c6ad-44f3-a6d2-53df5462798c; entities=The English Concert; entity_types=Orchestra; calendar_status=current_events; review_confidence=high; evidence=https://www.englishconcert.co.uk/events/
https://fcmg.org.uk/,GB,,,crawlers/gb/fcmg_org_uk,0,Discovered via MusicBrainz official-homepage review v2; candidates=MBURL0826; musicbrainz_ids=60814474-eec9-4952-b43e-e7d3e482382f; entities=Finchley Children’s Music Group; entity_types=Choir; calendar_status=current_events; review_confidence=high; evidence=https://www.fcmg.org.uk/concerts/
https://karljenkins.com/,GB,,,crawlers/gb/karljenkins_com,0,"Discovered via MusicBrainz official-homepage review v2; candidates=MBURL1406; musicbrainz_ids=4dbeae7a-6906-4d85-95df-2b51b4a5d113,8f88db93-5914-4754-82ee-7d889bbc573e; entities=Adiemus | Karl Jenkins; entity_types=Group,Person; calendar_status=current_events; review_confidence=high; evidence=http://www.karljenkins.com/performances"
https://londonoriana.com/,GB,,,crawlers/gb/londonoriana_com,0,Discovered via MusicBrainz official-homepage review v2; candidates=MBURL1586; musicbrainz_ids=5cf0a31e-25c1-4566-85cb-4fe3c68a8d40; entities=London Oriana Choir; entity_types=Choir; calendar_status=current_events; review_confidence=high; evidence=https://www.londonoriana.com/previous-performances
https://newcollegechoir.com/,GB,,,crawlers/gb/newcollegechoir_com,0,Discovered via MusicBrainz official-homepage review v2; candidates=MBURL1895; musicbrainz_ids=430770c6-7720-4086-b5b6-045a6edad385; entities=Choir of New College Oxford; entity_types=Choir; calendar_status=current_events; review_confidence=high; evidence=https://www.newcollegechoir.com/upcomingevents
https://paraorchestra.com/,GB,,,crawlers/gb/paraorchestra_com,0,Discovered via MusicBrainz official-homepage review v2; candidates=MBURL2043; musicbrainz_ids=4efb1fe5-89d5-4b7c-bfff-9bf0b5da994d; entities=Paraorchestra; entity_types=Orchestra; calendar_status=current_events; review_confidence=high; evidence=https://paraorchestra.com/events/music-for-18-musicians
https://philharmoniachorus.co.uk/,GB,,,crawlers/gb/philharmoniachorus_co_uk,0,Discovered via MusicBrainz official-homepage review v2; candidates=MBURL2101; musicbrainz_ids=c44ca179-80e1-4959-8c47-5c6d516d67fa; entities=Philharmonia Chorus; entity_types=Choir; calendar_status=current_events; review_confidence=high; evidence=https://www.philharmoniachorus.co.uk/events
https://schubertensemble.com/,GB,,,crawlers/gb/schubertensemble_com,0,Discovered via MusicBrainz official-homepage review v2; candidates=MBURL2349; musicbrainz_ids=7fd027f1-8af8-4ddc-aa72-fa86842fe27c; entities=The Schubert Ensemble; entity_types=Group; calendar_status=current_events; review_confidence=high; evidence=https://www.schubertensemble.com/concert-diaries
https://testdept.org.uk/,GB,,,crawlers/gb/testdept_org_uk,0,Discovered via MusicBrainz official-homepage review v2; candidates=MBURL2587; musicbrainz_ids=0d3737b6-dc26-4eef-bb79-38bbe81f0cd6; entities=Test Dept.; entity_types=Group; calendar_status=current_events; review_confidence=high; evidence=https://testdept.org.uk/
https://thetallisscholars.co.uk/,GB,,,crawlers/gb/thetallisscholars_co_uk,0,Discovered via MusicBrainz official-homepage review v2; candidates=MBURL2614; musicbrainz_ids=22437443-0e53-487b-aad0-87c851fbfeb0; entities=The Tallis Scholars; entity_types=Group; calendar_status=current_events; review_confidence=high; evidence=https://www.thetallisscholars.co.uk/concerts
https://tkcworld.org/,GB,,,crawlers/gb/tkcworld_org,0,"Discovered via MusicBrainz official-homepage review v2; candidates=MBURL2642; musicbrainz_ids=5a68b548-b47a-4685-84d5-7e41cc86ea09,a5bc84d6-e1d2-4780-9d30-ad04a3e61c87; entities=Choir of the King’s Consort | The King’s Consort; entity_types=Choir,Orchestra; calendar_status=current_events; review_confidence=high; evidence=https://tkcworld.org/performances/forthcoming/2026"
https://vasarisingers.org/,GB,,,crawlers/gb/vasarisingers_org,0,Discovered via MusicBrainz official-homepage review v2; candidates=MBURL2717; musicbrainz_ids=e3ff6c6c-e248-4ff9-8743-8d0b86a4988e; entities=Vasari Singers; entity_types=Choir; calendar_status=current_events; review_confidence=high; evidence=http://www.vasarisingers.org/concerts/
https://mousikasynola.ert.gr/ethniki-symfoniki-orchistra/,GR,,,crawlers/gr/mousikasynola_ert_gr,0,Discovered via MusicBrainz official-homepage review v2; candidates=MBURL1833; musicbrainz_ids=50cc7c62-0cf9-4ceb-82d9-1e7d9c6665e8; entities=Εθνική Συμφωνική Ορχήστρα της ΕΡΤ; entity_types=Orchestra; calendar_status=current_events; review_confidence=high; evidence=
https://animamusicae.hu/,HU,,,crawlers/hu/animamusicae_hu,0,Discovered via MusicBrainz official-homepage review v2; candidates=MBURL0161; musicbrainz_ids=c8ccd168-1fe9-4244-8fd9-f7268f6a938f; entities=Anima Musicæ Kamarazenekar; entity_types=Orchestra; calendar_status=current_events; review_confidence=high; evidence=https://www.animamusicae.hu/concerts
https://takacsquartet.com/,HU,,,crawlers/hu/takacsquartet_com,0,Discovered via MusicBrainz official-homepage review v2; candidates=MBURL2550; musicbrainz_ids=64dc0b9b-9417-4040-a72e-e70cecf24e72; entities=Takács Quartet; entity_types=Group; calendar_status=current_events; review_confidence=high; evidence=https://www.takacsquartet.com/concerts
https://celticwoman.com/,IE,,,crawlers/ie/celticwoman_com,0,Discovered via MusicBrainz official-homepage review v2; candidates=MBURL0442; musicbrainz_ids=4d483147-c871-48c4-8470-85e5a66381c5; entities=Celtic Woman; entity_types=Group; calendar_status=current_events; review_confidence=high; evidence=https://www.celticwoman.com/tour-dates/
https://fideliotrio.com/,IE,,,crawlers/ie/fideliotrio_com,0,Discovered via MusicBrainz official-homepage review v2; candidates=MBURL0844; musicbrainz_ids=c2055340-b3ad-4547-b32c-2309405a0112; entities=Fidelio Trio; entity_types=Group; calendar_status=current_events; review_confidence=high; evidence=https://www.fideliotrio.com/past-performances
https://sigurros.com/,IS,,,crawlers/is/sigurros_com,0,Discovered via MusicBrainz official-homepage review v2; candidates=MBURL2405; musicbrainz_ids=f6f2326f-6b25-4170-b89d-e235b25508e8; entities=Sigur Rós; entity_types=Group; calendar_status=current_events; review_confidence=high; evidence=https://sigurros.com/tour/
https://calibro35.com/,IT,,,crawlers/it/calibro35_com,0,Discovered via MusicBrainz official-homepage review v2; candidates=MBURL0399; musicbrainz_ids=7b6baeda-94ec-4475-9b09-6486a36c8e40; entities=Calibro 35; entity_types=Group; calendar_status=current_events; review_confidence=high; evidence=https://www.calibro35.com/tour/
https://rondoveneziano.com/,IT,,,crawlers/it/rondoveneziano_com,0,Discovered via MusicBrainz official-homepage review v2; candidates=MBURL2273; musicbrainz_ids=940a5867-a2e5-4af5-ae05-91cf63bd0b52; entities=Rondò Veneziano; entity_types=Orchestra; calendar_status=current_events; review_confidence=high; evidence=https://rondoveneziano.com/concerti/
https://sinfonietta.nl/,NL,,,crawlers/nl/sinfonietta_nl,0,Discovered via MusicBrainz official-homepage review v2; candidates=MBURL2418; musicbrainz_ids=73be5c4b-0f04-40d2-bc70-b9cdaf8b303e; entities=Amsterdam Sinfonietta; entity_types=Orchestra; calendar_status=current_events; review_confidence=high; evidence=https://www.sinfonietta.nl/concerten/
https://nrk.no/kork/,NO,,,crawlers/no/nrk_no,0,Discovered via MusicBrainz official-homepage review v2; candidates=MBURL1949; musicbrainz_ids=cb82063e-4060-4a0c-8368-b96ab0a45b50; entities=Kringkastingsorkestret; entity_types=Orchestra; calendar_status=current_events; review_confidence=high; evidence=https://www.nrk.no/kork/norwegian-radio-orchestra-1.12413761
https://triomediaeval.no/,NO,,,crawlers/no/triomediaeval_no,0,Discovered via MusicBrainz official-homepage review v2; candidates=MBURL2667; musicbrainz_ids=f50c73eb-a872-4f9b-b999-707c8486aff5; entities=Trio Mediæval; entity_types=Group; calendar_status=current_events; review_confidence=high; evidence=https://www.triomediaeval.no/aboutus/concerts
https://trondheimsolistene.no/,NO,,,crawlers/no/trondheimsolistene_no,0,Discovered via MusicBrainz official-homepage review v2; candidates=MBURL2671; musicbrainz_ids=44c7597e-bc59-4eb6-aaf1-af52ce2cff9e; entities=TrondheimSolistene; entity_types=Group; calendar_status=current_events; review_confidence=high; evidence=https://trondheimsolistene.no/upcoming-concerts
https://stroma.co.nz/,NZ,,,crawlers/nz/stroma_co_nz,0,Discovered via MusicBrainz official-homepage review v2; candidates=MBURL2515; musicbrainz_ids=3f264db1-dcc3-43c3-b540-74f3a385b002; entities=Stroma; entity_types=Group; calendar_status=current_events; review_confidence=high; evidence=https://www.stroma.co.nz/pastconcerts
https://laibach.org/,SI,,,crawlers/si/laibach_org,0,Discovered via MusicBrainz official-homepage review v2; candidates=MBURL1511; musicbrainz_ids=c779e090-909f-4403-a90e-c1d08cdbb719; entities=Laibach; entity_types=Group; calendar_status=current_events; review_confidence=high; evidence=https://www.laibach.org/events-past/
https://mute.com/artists/laibach/,SI,,,crawlers/si/mute_com,0,Discovered via MusicBrainz official-homepage review v2; candidates=MBURL1855; musicbrainz_ids=c779e090-909f-4403-a90e-c1d08cdbb719; entities=Laibach; entity_types=Group; calendar_status=current_events; review_confidence=high; evidence=http://mute.com/artists/laibach/
https://acousticbandits.com/,US,,,crawlers/us/acousticbandits_com,0,Discovered via MusicBrainz official-homepage review v2; candidates=MBURL0014; musicbrainz_ids=d77ef376-248f-459d-86fa-3f39006e32ae; entities=Bandits of the Acoustic Revolution; entity_types=Group; calendar_status=current_events; review_confidence=high; evidence=https://www.acousticbandits.com
https://ahntrio.com/,US,,,crawlers/us/ahntrio_com,0,Discovered via MusicBrainz official-homepage review v2; candidates=MBURL0041; musicbrainz_ids=534a5a5e-d36a-4798-ba45-44f2a02aaddc; entities=Ahn Trio; entity_types=Group; calendar_status=current_events; review_confidence=high; evidence=https://www.ahntrio.com/trio
https://alarmwillsound.com/,US,,,crawlers/us/alarmwillsound_com,0,Discovered via MusicBrainz official-homepage review v2; candidates=MBURL0057; musicbrainz_ids=9c52f2bc-bca9-40ec-9640-2976fdf24236; entities=Alarm Will Sound; entity_types=Group; calendar_status=current_events; review_confidence=high; evidence=
https://beijingguitarduo.com/,US,,,crawlers/us/beijingguitarduo_com,0,Discovered via MusicBrainz official-homepage review v2; candidates=MBURL0305; musicbrainz_ids=c92b093d-1200-4580-9a5a-7126f225246a; entities=Beijing Guitar Duo; entity_types=Group; calendar_status=current_events; review_confidence=high; evidence=https://www.beijingguitarduo.com/
https://bsomusic.org/,US,,,crawlers/us/bsomusic_org,0,Discovered via MusicBrainz official-homepage review v2; candidates=MBURL0395; musicbrainz_ids=dbf991f7-8689-4c44-82f5-1adf488d3c2c; entities=Baltimore Symphony Orchestra; entity_types=Orchestra; calendar_status=current_events; review_confidence=high; evidence=https://www.bsomusic.org/Passport/
https://dallaswinds.org/,US,,,crawlers/us/dallaswinds_org,0,Discovered via MusicBrainz official-homepage review v2; candidates=MBURL0682; musicbrainz_ids=95bcb963-7267-444b-9d39-691e51e268ab; entities=Dallas Winds; entity_types=Orchestra; calendar_status=current_events; review_confidence=high; evidence=https://dallaswinds.org/concerts/
https://denverbrass.org/,US,,,crawlers/us/denverbrass_org,0,Discovered via MusicBrainz official-homepage review v2; candidates=MBURL0632; musicbrainz_ids=9d9c9598-0e76-42d0-b753-4fa54584e720; entities=Denver Brass; entity_types=Orchestra; calendar_status=current_events; review_confidence=high; evidence=https://denverbrass.org/concerts
https://doverquartet.com/,US,,,crawlers/us/doverquartet_com,0,Discovered via MusicBrainz official-homepage review v2; candidates=MBURL0662; musicbrainz_ids=75282900-30ce-49d7-bc07-925c8bac11b1; entities=Dover Quartet; entity_types=Group; calendar_status=current_events; review_confidence=high; evidence=https://www.doverquartet.com/schedule
https://emersonquartet.com/,US,,,crawlers/us/emersonquartet_com,0,Discovered via MusicBrainz official-homepage review v2; candidates=MBURL0730; musicbrainz_ids=fd20e8ed-0736-44db-8d97-530fbf00e813; entities=Emerson String Quartet; entity_types=Group; calendar_status=current_events; review_confidence=high; evidence=https://www.emersonquartet.com/
https://fineartsquartet.com/,US,,,crawlers/us/fineartsquartet_com,0,Discovered via MusicBrainz official-homepage review v2; candidates=MBURL0856; musicbrainz_ids=12f726b5-d570-4ce7-90b6-f620d58eacd4; entities=Fine Arts Quartet; entity_types=Group; calendar_status=current_events; review_confidence=high; evidence=http://fineartsquartet.com/concerts
https://juilliardstringquartet.org/,US,,,crawlers/us/juilliardstringquartet_org,0,Discovered via MusicBrainz official-homepage review v2; candidates=MBURL1354; musicbrainz_ids=8ee62ca4-6407-4564-b5b4-a8f87427be2d; entities=Juilliard String Quartet; entity_types=Group; calendar_status=current_events; review_confidence=high; evidence=https://www.juilliardstringquartet.org/
https://mannheimsteamroller.com/,US,,,crawlers/us/mannheimsteamroller_com,0,Discovered via MusicBrainz official-homepage review v2; candidates=MBURL1642; musicbrainz_ids=922a18b1-0aba-4868-8f38-2aa4f324fe16; entities=Mannheim Steamroller; entity_types=Group; calendar_status=current_events; review_confidence=high; evidence=https://www.mannheimsteamroller.com/christmas-tour-2026/
https://mivosquartet.com/,US,,,crawlers/us/mivosquartet_com,0,Discovered via MusicBrainz official-homepage review v2; candidates=MBURL1810; musicbrainz_ids=878893b1-34b9-4f05-bc8b-de9f6e83e840; entities=Mivos Quartet; entity_types=Group; calendar_status=current_events; review_confidence=high; evidence=https://www.mivosquartet.com/upcoming-1
https://rpo.org/,US,,,crawlers/us/rpo_org,0,Discovered via MusicBrainz official-homepage review v2; candidates=MBURL2284; musicbrainz_ids=57681861-9320-42b0-bdf0-49aede6d8d7d; entities=Rochester Philharmonic Orchestra; entity_types=Orchestra; calendar_status=current_events; review_confidence=high; evidence=https://rpo.org/events/
https://slso.org/,US,,,crawlers/us/slso_org,0,Discovered via MusicBrainz official-homepage review v2; candidates=MBURL2436; musicbrainz_ids=851b24ee-d28f-4535-ab0a-08c95862ba8a; entities=Saint Louis Symphony Orchestra; entity_types=Orchestra; calendar_status=current_events; review_confidence=high; evidence=
https://stamfordchamberorchestra.org/,US,,,crawlers/us/stamfordchamberorchestra_org,0,Discovered via MusicBrainz official-homepage review v2; candidates=MBURL2486; musicbrainz_ids=88afa572-d107-4d54-8a83-5a6a22288a46; entities=Stamford Chamber Orchestra; entity_types=Orchestra; calendar_status=current_events; review_confidence=high; evidence=https://www.stamfordchamberorchestra.org/past-concerts
https://tf3.com/,US,,,crawlers/us/tf3_com,0,Discovered via MusicBrainz official-homepage review v2; candidates=MBURL2589; musicbrainz_ids=62d1c157-3b54-48d9-8491-94c575369ee3; entities=Time for Three; entity_types=Group; calendar_status=current_events; review_confidence=high; evidence=https://www.tf3.com/new-events-1
https://thenewtonbrothers.com/,US,,,crawlers/us/thenewtonbrothers_com,0,Discovered via MusicBrainz official-homepage review v2; candidates=MBURL2605; musicbrainz_ids=6917e4c4-f496-4a6f-a44b-c237261222ff; entities=The Newton Brothers; entity_types=Group; calendar_status=current_events; review_confidence=high; evidence=https://www.thenewtonbrothers.com/
https://thepianoguys.com/,US,,,crawlers/us/thepianoguys_com,0,Discovered via MusicBrainz official-homepage review v2; candidates=MBURL2608; musicbrainz_ids=322d2e0e-7df2-4208-a46c-26cb6c60ba56; entities=The Piano Guys; entity_types=Group; calendar_status=current_events; review_confidence=high; evidence=https://thepianoguys.com/pages/tour-dates02
